Date,HIGH,CLOSE,LOW,OPEN,COUNT,VOLUME
2015-06-24,57.23323245,57.23323245,57.23323245,57.23323245,8,3000
2015-06-25,55.835099899999996,55.835099899999996,55.835099899999996,55.835099899999996,6,1000
2015-06-26,,,,,3,100
2015-06-30,55.38408939999999,54.9330789,54.44598756,54.79777575,117,1742536
2015-07-01,56.2861104,56.2861104,54.68953323,54.68953323,200,110157
2015-07-02,58.631364999999995,58.62234478999999,56.827323,56.827323,1535,351971
2015-07-06,59.8941944,57.50383875,56.81830279,58.15329387,2516,456919
2015-07-07,57.72032379,56.349251869999996,55.5644936,57.648162109999994,1999,379933
2015-07-08,57.10694951,53.85967391,53.6702495,57.10694951,1850,370093
2015-07-09,54.96013953,53.67926970999999,52.78626892,54.572270499999995,3110,542213
2015-07-10,55.5644936,55.38408939999999,54.058118529999994,54.09419937,3167,566022
2015-07-13,56.09668599,56.03354451999999,55.58253402,55.96138284,1902,311793
2015-07-14,56.3763125,56.09668599,55.42017024,56.0155041,1248,254961
2015-07-15,56.61985817,55.58253402,55.14054373,56.15080725,1684,271032
2015-07-16,57.43167707,56.21394872,55.6546957,55.6546957,2287,377614
2015-07-17,57.05282825,55.69979675,55.600574439999995,55.88020095,1566,438386
2015-07-20,56.63789859,55.51939254999999,55.4742915,55.925301999999995,1491,297009
2015-07-21,56.70104006,53.98595685,53.81457285999999,55.78097864,4208,984996
2015-07-22,55.06838205,54.247542939999995,53.733390969999995,54.436967349999996,1474,244029
2015-07-23,54.82483638,53.98595685,53.56200698,53.91379517,1483,248147
2015-07-24,54.058118529999994,53.13805710999999,52.03759149,53.71535055,1257,390915
2015-07-27,53.598087819999996,52.48860198999999,52.19995527,52.72312745,1831,319066
2015-07-28,53.877714329999996,53.52592614,51.866207499999994,52.78626892,1742,303370
2015-07-29,53.877714329999996,53.571027189999995,52.38937968,53.11099648,2081,376844
2015-07-30,56.98968678,56.673979429999996,55.06838205,55.4742915,2550,415808
2015-07-31,57.485798329999994,56.88144426,55.18564478,55.4742915,1751,530584
2015-08-03,58.37879912,56.98066657,56.2861104,57.161070769999995,2438,375618
2015-08-04,57.22421223999999,56.439453969999995,56.14178704,56.15080725,813,152665
2015-08-05,57.69326316,56.601817749999995,56.12374662,57.088909089999994,1408,351256
2015-08-06,56.3763125,55.69077654,54.554230079999996,55.925301999999995,2434,440692
2015-08-07,56.47553481,56.43043376,55.00524057999999,55.63665528,1657,278734
2015-08-10,56.93556552,56.809282579999994,56.04256473,56.81830279,1457,315520
2015-08-11,57.729344,57.188131399999996,55.66371591,57.729344,1724,376805
2015-08-12,57.57600042999999,57.10694951,55.672736119999996,57.188131399999996,1704,317889
2015-08-13,57.47677812,56.94458573,56.673979429999996,57.06184845999999,971,145897
2015-08-14,57.55796001,57.03478782999999,56.791242159999996,56.94458573,1075,297388
2015-08-17,57.19715160999999,57.13401014,56.49357523,56.49357523,921,261270
2015-08-18,57.29637392,56.971646359999994,56.746141109999996,56.84536342,1064,166650
2015-08-19,57.04380804,55.98844347,55.98844347,56.809282579999994,1720,282603
2015-08-20,55.60959465,54.734634279999995,54.50010882,55.60959465,1796,341654
2015-08-21,54.319704619999996,53.22825921,52.90353165,54.319704619999996,2913,497588
2015-08-24,54.382846089999994,50.92810566,48.44754791,48.709134,3161,551282
2015-08-25,52.65096576999999,50.0621655,49.62017521,52.587824299999994,3082,548950
2015-08-26,52.263096739999995,50.91908545,49.75547836,51.53245973,2509,390773
2015-08-27,53.44474425,53.41768362,52.09171275,52.53370304,2306,420499
2015-08-28,54.50010882,54.35578545999999,53.426703829999994,53.50788572,1868,385737
2015-08-31,54.32872482999999,53.53494635,52.939612489999995,54.20244189,2309,634115
2015-09-01,53.264340049999994,52.705087029999994,52.055631909999995,52.7682285,3352,538415
2015-09-02,53.616128239999995,52.47056157,51.866207499999994,53.14707732,1375,292000
2015-09-03,53.78751223,52.966673119999996,52.62390514,52.63292535,1216,238764
2015-09-04,52.614884929999995,51.730904349999996,51.64070225,51.64972246,1260,255194
2015-09-08,52.93059228,52.8584306,52.055631909999995,52.50664241,895,187936
2015-09-09,53.598087819999996,52.542723249999995,52.44350094,53.219238999999995,1488,233057
2015-09-10,53.589067609999994,52.98471354,52.43448073,52.43448073,2531,542138
2015-09-11,53.706330339999994,52.99373375,52.33525842,52.7682285,962,277195
2015-09-14,53.778492019999995,53.74241118,51.911308549999994,52.99373375,1584,410299
2015-09-15,54.157340839999996,53.83261328,52.921572069999996,53.76947181,1759,296920
2015-09-16,53.318461309999996,53.029814589999994,51.44225763,52.245056319999996,2743,469213
2015-09-17,53.363562359999996,52.073672329999994,51.80306603,52.93059228,1949,366551
2015-09-18,51.66776288,50.2425697,50.1523676,51.66776288,2447,1049339
2015-09-21,51.099489649999995,50.38689306,50.13432718,50.45905474,2171,328284
2015-09-22,50.10726655,48.65501274,48.22204266,49.96294319,3188,660321
2015-09-23,48.94365946,47.61768859,47.429166201,48.555790429999995,3171,602305
2015-09-24,47.31100145,47.18471851,45.552060499999996,46.48114213,3281,569322
2015-09-25,47.581607749999996,46.859990950000004,46.60742507,47.41924397,1562,337449
2015-09-28,46.75174843,45.07398937,45.010847899999995,46.4540815,2405,424067
2015-09-29,46.24661667,45.61520197,44.0186248,44.199028999999996,3822,527211
2015-09-30,46.57134423,46.39996024,45.66030301999999,45.96699016,2247,522760
2015-10-01,47.65376943,46.905091999999996,46.10229331,46.60742507,2935,492142
2015-10-02,47.81613321,47.81613321,45.93992953,46.14739435999999,2470,765008
2015-10-05,49.03386156,48.7993361,47.93339594,48.1679214,1938,440540
2015-10-06,49.64723584,48.98876051,48.68207337,48.78129568,2241,393010
2015-10-07,49.44879122,48.76325526,48.67305316,48.98876051,2373,1270223
2015-10-08,49.27740723,48.880517989999994,48.32126497,48.63697232,1919,861059
2015-10-09,52.06465212,51.92934897,49.99000382,49.99000382,3636,986062
2015-10-12,51.19871196,50.81084293,50.071185709999995,51.08144923,1988,426725
2015-10-13,51.22577259,50.098246339999996,50.01706445,50.50415579,1325,580892
2015-10-14,50.63043873,50.29669096,49.881761299999994,50.13432718,1780,239170
2015-10-15,50.63043873,50.52219621,49.56605395,50.63043873,1631,312716
2015-10-16,51.09046944,50.32375159,49.394669959999995,50.729661039999996,2303,565864
2015-10-19,50.098246339999996,48.95267967,48.41146707,50.098246339999996,1575,218832
2015-10-20,49.07896261,48.49264896,48.40244686,48.96169988,1491,203292
2015-10-21,48.32126497,47.41924397,46.67958675,48.32126497,2660,430528
2015-10-22,48.49264896,47.3561025,47.17569829999999,47.70789069,2422,449963
2015-10-23,48.4385277,48.140860769999996,47.65376943,47.70789069,2067,382763
2015-10-26,48.0777193,48.041638459999994,47.09451641,48.0777193,2025,394289
2015-10-27,48.00555762,47.87025447,47.05843557,47.66278964,1343,214849
2015-10-28,49.52997310999999,49.07896261,47.77103216,47.83417363,2147,330942
2015-10-29,49.45781143,48.76325526,48.465588329999996,48.718154209999994,1722,219025
2015-10-30,49.205245549999994,48.49264896,48.49264896,48.80835631,1583,352918
2015-11-02,49.28642744,48.7993361,48.29420434,48.59187127,2259,371678
2015-11-03,48.54677022,48.00555762,47.76201195,47.807113,2218,540636
2015-11-04,48.627952109999995,48.03261825,47.94241615,48.08673951,1749,241433
2015-11-05,47.34708229,46.34583898,43.4774122,45.65128281,3285,573752
2015-11-06,48.420487279999996,48.40244686,46.24661667,46.363879399999995,2649,405378
2015-11-09,48.3483256,46.8148899,46.111313519999996,48.32126497,2422,371775
2015-11-10,46.905091999999996,46.30073793,45.40773714,46.67958675,2469,365468
2015-11-11,46.850970739999994,46.50820276,45.921889109999995,46.273677299999996,2545,352480
2015-11-12,45.876788059999996,44.44257467,44.42453425,45.78658596,2593,404213
2015-11-13,45.05594895,43.79311954999999,43.70291745,44.46963529999999,1342,347380
2015-11-16,43.892341859999995,43.23386653,42.981300649999994,43.8382206,1963,812207
2015-11-17,44.19000879,43.07150275,42.96326023,43.657816399999994,2682,668567
2015-11-18,44.758282019999996,44.713180969999996,43.076012855,43.242886739999996,2708,523949
2015-11-19,45.54304029,45.26341378,44.3794332,44.45159488,1494,259983
2015-11-20,45.58814134,45.200272309999995,44.95672664,45.335575459999994,1903,336039
2015-11-23,45.90384869,45.4618584,44.58689803,45.07398937,1753,363489
2015-11-24,46.4540815,45.552060499999996,45.13713084,45.26341378,2125,494140
2015-11-25,46.012091209999994,45.35361588,45.21831273,45.497939239999994,1185,212727
2015-11-27,45.70540407,45.47087860999999,45.16419147,45.47087860999999,548,88865
2015-11-30,46.7246878,45.66932323,45.57912113,46.03013163,1813,498997
2015-12-01,46.65252612,46.021111420000004,45.48891903,45.80462638,1382,220184
2015-12-02,46.51722297,45.434797769999996,45.23635315,46.066212469999996,1401,335776
2015-12-03,46.28269751,45.57912113,45.110070209999996,45.506959450000004,1743,326491
2015-12-04,45.79560617,45.47989882,44.93868622,45.70540407,1564,280115
2015-12-07,45.47989882,44.16294816,44.11784710999999,45.47989882,1309,527115
2015-12-08,44.361392779999996,43.297008,43.27896757999999,43.829200390000004,1550,281253
2015-12-09,44.02764501,43.34210905,42.90011876,43.23386653,1795,564108
2015-12-10,43.59467493,42.31380511,42.19654238,43.3872101,1695,386923
2015-12-11,42.32282532,41.276480959999994,41.15019802,41.9439765,2028,364051
2015-12-14,41.42982453,39.82422715,39.60774211,41.42982453,3347,487763
2015-12-15,41.06901613,39.301054969999996,39.28301455,40.5007429,3756,657055
2015-12-16,40.59996520999999,40.51878332,38.57943817,39.60774211,4705,669010
2015-12-17,40.85253109,40.47368227,40.08581323999999,40.41956101,2657,479612
2015-12-18,40.93371298,39.77010589,39.72500484,40.464662059999995,5275,1785290
2015-12-21,40.446621640000004,40.12189408,39.71598463,39.977570719999996,2553,686728
2015-12-22,40.36543975,39.72500484,39.084569929999994,40.302298279999995,2659,587106
2015-12-23,41.15019802,41.050975709999996,39.75206547,39.7791261,3091,395938
2015-12-24,41.43884473999999,41.050975709999996,40.861551299999995,40.98783424,857,131492
2015-12-28,41.186278859999994,41.15921823,40.52780353,40.96077361,934,172242
2015-12-29,41.76357229999999,41.375703269999995,41.213339489999996,41.43884473999999,1115,198647
2015-12-30,41.55610747,41.276480959999994,41.10509697,41.23137991,1377,238305
2015-12-31,41.80867335,41.15019802,40.96077361,40.99685445,1203,269714
2016-01-04,41.06901613,41.05999592,40.05875260999999,40.41956101,2587,568879
2016-01-05,41.2223597,41.03293529,40.80743004,41.10509697,1985,361732
2016-01-06,40.491722689999996,39.89638882999999,39.697944209999996,40.31131849,2238,357984
2016-01-07,40.212096179999996,39.49949959,38.95828699,39.12967098,2723,551490
2016-01-08,39.301054969999996,37.82174053,37.65035654,39.12065077,2955,871109
2016-01-11,38.0652862,35.86435496,35.55766782,37.96606389,4100,553033
2016-01-12,36.477729239999995,34.59250535,34.1865959,36.270264409999996,3904,622283
2016-01-13,36.09888042,34.24071716,34.17757569,34.95331375,6924,1431910
2016-01-14,35.11567753,34.7278085,33.76264603,34.4572022,2907,520412
2016-01-15,34.40308094,33.419878049999994,33.284574899999996,33.9159896,3612,742082
2016-01-19,33.89794918,32.88768566,32.67120062,33.89794918,3276,697853
2016-01-20,33.16731217,32.517857049999996,31.14678513,32.40961453,5349,954665
2016-01-21,33.69950456,32.842584609999996,32.31039222,32.770422929999995,3517,474089
2016-01-22,34.41210115,34.04227254,33.455958890000005,33.97913107,3500,602452
2016-01-25,30.822057570000002,28.963894309999997,28.44072213,30.53341085,6891,1378865
2016-01-26,29.658450480000003,28.936833679999996,28.73838906,29.108217670000002,3697,696098
2016-01-27,30.3981077,29.4058846,28.774469899999996,28.774469899999996,4632,641607
2016-01-28,29.974157829999996,28.54896465,28.530924229999997,29.586288799999995,3636,668593
2016-01-29,31.940563609999995,31.823300879999998,28.612106119999996,29.315682499999998,5235,1101784
2016-02-01,31.79624025,31.57975521,30.127501399999996,31.101684079999995,3828,638565
2016-02-02,30.993441559999997,30.09142056,30.05533972,30.92127988,3496,747674
2016-02-03,30.93030009,30.04631951,29.676490899999997,30.623612950000002,5137,909656
2016-02-04,31.155805339999997,31.05658303,30.028279089999998,30.2177035,5784,959150
2016-02-05,31.42641164,30.127501399999996,30.037299299999997,31.05658303,2303,390417
2016-02-08,30.05533972,29.036055989999998,28.6842678,29.9470972,3292,612847
2016-02-09,29.676490899999997,29.487066489999997,28.530924229999997,28.837611369999998,3736,702328
2016-02-10,29.90199615,28.27835835,28.22423709,28.963894309999997,4354,781536
2016-02-11,28.22423709,27.00650874,26.826104539999996,27.529680919999997,3934,905828
2016-02-12,28.043832889999997,27.98971163,27.16887252,27.37633735,2218,673153
2016-02-16,28.58504549,28.42268171,27.719105329999998,28.4136615,2125,494686
2016-02-17,29.874935519999998,29.50510691,28.60308591,28.936833679999996,2201,550877
2016-02-18,29.911016359999994,29.523147329999997,28.864672,29.550207959999998,3207,705698
2016-02-19,29.297642079999996,28.46778276,27.6018426,29.18939956,4018,872409
2016-02-22,29.478046279999997,29.18037935,28.675247589999998,29.135278299999996,2250,400364
2016-02-23,29.478046279999997,29.38784418,28.82859116,28.936833679999996,2059,383731
2016-02-24,29.43294523,29.144298510000002,28.56700507,28.864672,3391,543663
2016-02-25,29.73963237,29.24352082,28.720348639999997,29.27058145,2381,439338
2016-02-26,30.74989589,30.27182476,29.162338929999997,29.36980376,3332,592074
2016-02-29,31.742118989999998,30.461249170000002,30.145541820000002,30.145541820000002,4664,1204214
2016-03-01,31.940563609999995,31.9315434,30.659693790000002,30.69577463,2546,440898
2016-03-02,33.34771637,33.284574899999996,31.63387647,31.72407857,5241,1077008
2016-03-03,34.123454429999995,33.98815128,33.23045364,33.31163553,4238,735174
2016-03-04,34.276798,33.15829196,32.68924104,33.85284813,4140,812374
2016-03-07,33.53714078,32.68924104,32.13900823,33.05004944,3407,565616
2016-03-08,32.590018730000004,31.89546256,31.27306807,32.46373579,4977,994066
2016-03-09,32.472756,32.1119476,31.823300879999998,32.120967809999996,4147,1021112
2016-03-10,32.40059432,31.60681584,31.17384576,32.34647306,3244,603559
2016-03-11,33.356736579999996,33.33869616,31.805260459999996,32.04880613,2515,552733
2016-03-14,34.637606399999996,34.29483842,32.932786709999995,33.14927175,4044,717831
2016-03-15,34.05129275,33.39281742,32.842584609999996,33.943050230000004,1764,363619
2016-03-16,34.48426283,34.267777790000004,33.02298881,33.34771637,2458,397134
2016-03-17,35.71101139,35.53060719,34.312878839999996,34.41210115,3135,569903
2016-03-18,35.98161769,35.56668803,34.53838409,35.72905181,4007,5316481
2016-03-21,36.640093019999995,36.18006231,35.85533475,35.95455706,3015,635077
2016-03-22,36.477729239999995,36.25222399,35.65689013,35.79219328,2484,534578
2016-03-23,36.14398147,35.3592232,35.21489984,36.080839999999995,1819,293800
2016-03-24,34.94429354,34.75486913,34.41210115,34.85409144,2124,653841
2016-03-28,34.95331375,34.69172766,34.32189905,34.872131859999996,1672,458529
2016-03-29,35.16077858,35.14273816,33.740095505,34.56544472,2251,381291
2016-03-30,35.40432425,34.50230325,33.8257875,35.19685942,3052,472288
2016-03-31,35.24196047,35.20587963,34.38504052,34.610545769999995,2693,671168
2016-04-01,35.611789079999994,35.3592232,34.71878829,34.962333959999995,2473,520039
2016-04-04,35.53060719,34.13247464,34.08737359,35.40432425,1722,305024
2016-04-05,33.95207044,32.89670587,32.64413999,33.8257875,2516,574228
2016-04-06,33.70852477,33.69048435,32.89670587,33.0139686,2629,426889
2016-04-07,33.744605609999994,33.374777,33.18535259,33.38379721,2060,556006
2016-04-08,33.7355854,33.54616099,32.932786709999995,32.932786709999995,3135,557630
2016-04-11,34.33091926,33.582241829999994,33.40183763,33.69048435,1759,286032
2016-04-12,34.32189905,34.22267674,33.34771637,33.56420141,2572,517242
2016-04-13,35.30510194,35.27804131,34.53838409,34.53838409,1573,291567
2016-04-14,35.24196047,34.55642451,34.312878839999996,35.21489984,2087,452628
2016-04-15,35.16077858,34.83605102,34.51132346,34.637606399999996,2409,683396
2016-04-18,35.18783921,35.18783921,34.475242619999996,34.75486913,1669,383226
2016-04-19,36.3514463,35.89141559,35.36824341,35.36824341,2170,407244
2016-04-20,36.11692084,35.67493055,35.64786992,36.080839999999995,1983,331786
2016-04-21,36.20712294,35.548647609999996,35.49452635,35.84631454,2147,437309
2016-04-22,36.95580037,36.74833554,35.8102337,35.83729433,3032,768295
2016-04-25,36.46870903,35.84631454,35.16077858,36.288304829999994,2749,432688
2016-04-26,36.901679109999996,36.802456799999995,36.080839999999995,36.08986021,2186,651050
2016-04-27,37.76761927,37.55113423,36.68519407,36.83853764,4302,782561
2016-04-28,38.16450851,37.65937675,36.85657806,37.19934604,3945,750093
2016-04-29,40.07679303,37.74957885,36.901679109999996,38.94024657,5863,1006866
2016-05-02,37.65937675,37.271507719999995,36.54087071,37.48799276,3084,629298
2016-05-03,36.919719529999995,36.01769853,35.5396274,36.919719529999995,3522,928292
2016-05-04,35.5396274,35.14273816,34.60152556,35.51256677,3323,597467
2016-05-05,36.3514463,36.25222399,35.07057648,35.24196047,3164,529291
2016-05-06,37.00992163,36.8926589,36.07181979,36.09888042,1878,472152
2016-05-09,37.60525549,37.49701297,36.84755785,36.901679109999996,2553,510258
2016-05-10,38.28177124,38.272751029999995,37.36170982,37.67741717,3216,703796
2016-05-11,39.021428459999996,38.58845838,37.65035654,38.344912709999996,4151,770519
2016-05-12,39.273994339999994,38.344912709999996,38.155488299999995,39.021428459999996,2917,505785
2016-05-13,38.534337119999996,38.39001376,37.72251822,38.17352872,3055,690684
2016-05-16,41.1,39.63,38.3,38.97,5326,1065617
2016-05-17,39.15,37.97,37.6,39.15,4147,899550
2016-05-18,38.44,37.4,37.12,37.93,2139,518433
2016-05-19,37.19,37.0,36.12,37.13,2856,545671
2016-05-20,37.92,37.9,37.01,37.08,2468,586492
2016-05-23,38.33,38.05,37.77,37.8,2124,616291
2016-05-24,38.84,38.69,38.07,38.23,2411,461397
2016-05-25,39.78,39.4,38.85,38.85,2451,384316
2016-05-26,39.46,39.32,38.79,39.34,1816,330995
2016-05-27,39.85,39.78,39.31,39.31,1729,376257
2016-05-31,40.09,39.61,39.35,39.94,2021,647957
2016-06-01,39.64,39.59,39.09,39.31,2072,378403
2016-06-02,39.9,39.87,39.38,39.44,1825,750524
2016-06-03,39.96,39.74,39.11,39.88,1541,265507
2016-06-06,40.32,40.24,39.76,39.85,1812,467165
2016-06-07,40.56,40.16,39.93,40.29,1675,331748
2016-06-08,40.59,40.47,39.96,40.26,2175,409229
2016-06-09,40.43,40.3,39.72,40.17,1493,288450
2016-06-10,39.81,39.0,38.64,39.77,2341,408352
2016-06-13,39.19,37.97,37.93,38.68,3351,604273
2016-06-14,37.94,37.84,37.31,37.8,2120,383597
2016-06-15,39.01,38.37,38.03,38.11,2478,368513
2016-06-16,38.99,38.94,37.78,38.06,2090,504019
2016-06-17,39.98,39.73,38.84,38.96,2813,947044
2016-06-20,41.17,40.75,39.88,40.0,3421,924856
2016-06-21,41.23,40.9,40.51,40.97,2641,457339
2016-06-22,41.05,40.46,40.39,40.91,1713,412361
2016-06-23,41.53,41.51,40.93,41.19,2087,831302
2016-06-24,40.01,38.59,38.39,39.34,4741,1742520
2016-06-27,38.19,35.87,35.77,38.07,3449,521881
2016-06-28,37.37,37.27,35.91,36.34,2797,427214
2016-06-29,38.36,37.98,37.37,37.81,2233,417148
2016-06-30,38.87,38.87,37.65,38.07,2723,845031
2016-07-01,39.44,39.05,38.74,38.85,2203,573594
2016-07-05,38.85,37.04,36.4,38.85,2522,723610
2016-07-06,37.465,37.42,36.33,36.99,4973,871980
2016-07-07,38.02,37.16,36.83,37.35,2925,482004
2016-07-08,38.61,38.55,37.73,37.75,2834,646068
2016-07-11,39.07,38.87,38.45,38.59,1817,291179
2016-07-12,40.0,39.74,39.26,39.35,2122,354854
2016-07-13,40.09,39.61,39.14,40.02,1896,316178
2016-07-14,40.33,40.21,39.42,40.0,2867,542492
2016-07-15,42.94,42.51,41.2,41.52,4750,1031220
2016-07-18,43.35,43.25,41.95,42.32,2525,547922
2016-07-19,43.4,42.92,42.67,43.1,2037,302809
2016-07-20,43.84,43.58,42.81,43.16,1591,571084
2016-07-21,44.14,43.29,43.14,43.63,1741,345375
2016-07-22,43.33,43.13,42.98,43.3,1042,248622
2016-07-25,43.12,42.84,42.47,43.11,1577,439036
2016-07-26,43.71,43.63,42.88,42.96,1388,251334
2016-07-27,43.73,43.24,42.89,43.68,2141,387075
2016-07-28,43.32,42.77,42.54,43.23,1490,251877
2016-07-29,42.955,42.91,42.16,42.71,2435,648504
2016-08-01,42.92,41.92,41.69,42.88,2975,887849
2016-08-02,41.69,41.01,40.65,41.69,3340,705226
2016-08-03,42.24,41.95,40.63,40.87,2570,434149
2016-08-04,44.99,43.72,42.7,43.54,6617,1376524
2016-08-05,44.59,44.08,43.83,43.97,3178,610943
2016-08-08,44.28,44.01,43.72,44.06,2148,519925
2016-08-09,44.57,43.83,43.74,44.14,2225,442715
2016-08-10,44.86,43.86,43.29,43.65,2266,472328
2016-08-11,45.3,45.27,43.95,44.01,3078,779014
2016-08-12,45.32,44.47,44.19,45.0,1821,531154
2016-08-15,44.87,44.0,43.96,44.54,2062,469883
2016-08-16,45.53,44.86,44.32,44.37,2023,396279
2016-08-17,45.56,45.49,44.59,45.0,1995,356745
2016-08-18,45.98,45.57,45.12,45.51,1894,557990
2016-08-19,45.72,45.41,44.63,45.22,2336,489842
2016-08-22,44.94,44.35,43.57,44.83,2883,675043
2016-08-23,45.18,44.68,44.6,44.77,1859,382079
2016-08-24,44.86,44.47,44.335,44.67,1709,305560
2016-08-25,47.33,47.07,44.23,44.44,4941,833408
2016-08-26,48.7,48.05,47.22,47.22,5989,1080783
2016-08-29,48.8,48.59,47.97,47.97,3225,597685
2016-08-30,48.88,48.54,48.185,48.64,2555,455943
2016-08-31,48.44,47.9,47.64,48.37,2356,570976
2016-09-01,48.56,48.51,47.72,48.01,3163,523193
2016-09-02,48.95,48.55,48.35,48.91,1899,345549
2016-09-06,49.14,48.83,48.45,48.97,2480,507889
2016-09-07,49.17,49.08,48.41,48.86,2482,415206
2016-09-08,48.99,48.19,48.01,48.99,3218,622800
2016-09-09,47.47,46.49,46.16,47.44,5109,920478
2016-09-12,47.47,47.29,45.81,45.98,3094,969370
2016-09-13,47.49,46.56,46.25,46.67,3218,816243
2016-09-14,46.72,45.97,45.64,46.47,3595,587298
2016-09-15,46.93,46.53,45.86,46.02,3777,905981
2016-09-16,48.88,47.72,47.5,47.5,4494,1379465
2016-09-19,48.67,47.67,47.67,47.97,2943,439929
2016-09-20,48.36,47.24,47.2,48.07,2808,616801
2016-09-21,48.37,48.29,47.53,47.54,3185,565232
2016-09-22,49.13,48.36,47.98,48.36,2048,338589
2016-09-23,49.02,48.4,48.24,48.61,2221,390335
2016-09-26,48.22,47.69,47.61,48.08,2195,430882
2016-09-27,47.88,47.6,47.25,47.58,1794,734645
2016-09-28,48.24,47.74,46.92,47.76,3051,509371
2016-09-29,48.09,47.31,47.08,47.68,2495,423544
2016-09-30,48.7,48.48,47.63,47.65,2779,720706
2016-10-03,49.07,48.21,47.97,48.4,2091,351156
2016-10-04,48.89,47.87,47.75,48.33,2029,295901
2016-10-05,48.25,46.54,45.59,48.25,4107,769759
2016-10-06,48.0,47.45,46.56,46.64,2224,479498
2016-10-07,47.52,46.5,46.3,47.52,2931,736617
2016-10-10,47.37,46.98,46.33,46.87,1754,342259
2016-10-11,46.83,45.66,45.56,46.65,2861,686890
2016-10-12,46.24,46.0,45.75,45.75,1611,295030
2016-10-13,45.51,45.05,44.36,45.42,2205,370622
2016-10-14,46.94,46.71,45.59,45.63,2124,413784
2016-10-17,48.18,47.59,46.94,46.94,1777,532032
2016-10-18,48.25,47.8,47.44,48.25,1762,300838
2016-10-19,48.78,48.65,47.78,48.03,1323,258918
2016-10-20,48.21,46.91,46.56,48.21,2394,730699
2016-10-21,47.03,46.44,45.91,46.52,1587,423657
2016-10-24,47.9,47.21,46.8,47.13,2500,529251
2016-10-25,47.19,46.96,46.67,46.97,1664,881123
2016-10-26,47.28,46.95,46.44,46.72,1801,322081
2016-10-27,47.0,46.33,45.49,47.0,2005,396952
2016-10-28,47.02,46.16,45.93,46.38,1764,316887
2016-10-31,46.58,46.19,46.09,46.12,1514,366451
2016-11-01,46.67,45.31,44.61,46.46,2426,498846
2016-11-02,46.06,45.83,45.1,45.23,2264,357003
2016-11-03,46.21,45.62,45.53,45.82,1542,268482
2016-11-04,46.95,46.35,45.41,45.74,2796,472230
2016-11-07,47.66,45.27,43.8,47.03,4318,652018
2016-11-08,46.0,45.69,44.52,45.0,2415,393401
2016-11-09,48.1,47.69,44.73,45.25,3281,573254
2016-11-10,48.96,48.38,48.0,48.0,2911,389046
2016-11-11,48.43,47.95,47.47,48.32,2463,422949
2016-11-14,49.52,49.42,48.11,48.22,2182,668905
2016-11-15,49.74,49.65,48.99,49.64,2429,406020
2016-11-16,50.87,50.04,49.76,50.0,2620,494670
2016-11-17,50.38,49.78,49.28,49.91,2386,348184
2016-11-18,51.14,50.27,49.47,49.76,2354,429778
2016-11-21,50.52,50.46,49.27,49.63,1749,503767
2016-11-22,50.84,50.73,50.42,50.65,1451,379666
2016-11-23,51.2,50.86,50.56,50.73,1074,215428
2016-11-25,51.11,51.11,50.41,51.05,702,149554
2016-11-28,51.15,50.92,50.49,51.0,1229,404870
2016-11-29,51.5,50.89,50.75,50.92,1636,303371
2016-11-30,51.37,51.2,50.72,50.92,1504,522713
2016-12-01,51.7,50.92,50.56,51.5,2387,409954
2016-12-02,51.12,51.01,50.26,50.96,2242,473359
2016-12-05,51.59,51.52,51.13,51.43,1728,303127
2016-12-06,51.79,51.77,51.25,51.36,1352,289079
2016-12-07,53.05,52.79,52.16,52.16,2145,502929
2016-12-08,53.55,52.73,52.7,52.88,1942,395946
2016-12-09,52.8,52.45,51.99,52.59,1775,308306
2016-12-12,52.6,51.07,50.85,52.6,2041,393969
2016-12-13,51.67,51.12,50.61,51.34,2010,459613
2016-12-14,52.29,51.47,50.93,51.17,2794,487272
2016-12-15,53.03,52.36,51.39,51.53,2205,395513
2016-12-16,52.79,52.72,52.24,52.42,1948,1219290
2016-12-19,52.81,52.31,52.01,52.51,1493,478190
2016-12-20,53.03,52.48,52.24,52.49,1161,586585
2016-12-21,52.83,52.32,52.26,52.45,1159,426728
2016-12-22,52.27,51.53,51.24,52.27,1100,213955
2016-12-23,51.91,51.89,51.49,51.55,1034,166560
2016-12-27,52.34,52.27,51.88,52.13,787,141901
2016-12-28,52.59,51.53,51.46,52.59,1429,232738
2016-12-29,51.8,51.61,51.03,51.48,1004,189132
2016-12-30,51.84,50.77,50.53,51.84,1389,336192
2017-01-03,51.76,51.22,50.78,51.23,1775,318171
2017-01-04,52.14,51.99,51.32,51.44,1777,427037
2017-01-05,52.635,52.23,51.56,51.72,1694,315016
2017-01-06,52.87,52.49,51.96,52.32,1758,321670
2017-01-09,52.94,52.2,51.77,52.28,1229,244918
2017-01-10,52.35,52.08,51.67,52.05,1784,482118
2017-01-11,52.69,52.43,51.75,52.05,2008,291038
2017-01-12,52.38,52.21,51.11,52.12,1961,321869
2017-01-13,52.8,52.35,52.02,52.34,1511,284882
2017-01-17,52.05,51.46,51.0,51.95,1459,298099
2017-01-18,52.16,51.68,51.3,51.57,1717,351366
2017-01-19,51.84,51.28,51.09,51.53,1215,206256
2017-01-20,52.54,52.21,51.65,51.65,1633,577319
2017-01-23,53.21,53.16,52.23,52.23,1887,305578
2017-01-24,55.22,54.05,53.61,53.69,4951,680578
2017-01-25,56.12,55.62,54.37,54.62,3939,586073
2017-01-26,55.76,54.42,54.32,55.66,2327,443719
2017-01-27,55.66,53.91,53.76,55.66,2328,428764
2017-01-30,53.79,53.76,52.75,53.62,2032,327670
2017-01-31,54.33,53.36,52.81,53.73,1969,410538
2017-02-01,54.12,53.21,52.3,53.32,2294,378003
2017-02-02,53.82,53.66,52.15,53.64,3015,468550
2017-02-03,54.84,54.33,53.81,53.88,2285,410840
2017-02-06,54.35,54.2,53.475,53.81,1894,333295
2017-02-07,55.28,53.9,53.79,54.21,2098,424983
2017-02-08,55.67,54.02,52.61,53.39,3734,584743
2017-02-09,53.83,52.31,52.08,53.76,3014,550333
2017-02-10,52.9,52.48,52.15,52.59,1661,325626
2017-02-13,53.48,52.7,52.18,52.77,2135,438384
2017-02-14,53.73,53.52,52.8,52.94,1809,355953
2017-02-15,54.17,53.86,53.51,53.62,2158,525737
2017-02-16,54.82,54.33,53.93,54.09,2689,481317
2017-02-17,54.15,52.66,52.51,54.14,2542,531082
2017-02-21,53.95,53.83,52.57,52.67,2320,632520
2017-02-22,53.76,53.19,52.88,53.56,1721,315720
2017-02-23,53.98,53.34,53.01,53.53,2223,372988
2017-02-24,53.74,53.43,52.83,53.39,1754,332379
2017-02-27,53.98,53.73,53.02,53.29,1225,190843
2017-02-28,53.85,53.72,53.42,53.56,2127,586981
2017-03-01,55.05,54.56,54.11,54.17,2438,440977
2017-03-02,54.66,54.05,53.985,54.37,1554,347317
2017-03-03,54.15,54.04,53.45,53.92,1791,304809
2017-03-06,53.67,52.16,51.73,53.43,2591,486213
2017-03-07,52.2,50.9,50.8,52.2,2302,458613
2017-03-08,51.88,51.3,51.12,51.3,2832,520634
2017-03-09,51.33,50.93,50.54,51.16,2554,538684
2017-03-10,51.85,51.24,50.94,51.2,1947,343824
2017-03-13,51.78,51.32,51.16,51.35,1650,278751
2017-03-14,51.11,50.87,50.59,50.96,1495,237618
2017-03-15,52.0,51.79,50.91,51.23,1861,255295
2017-03-16,52.75,52.45,52.0,52.24,2150,394355
2017-03-17,52.84,52.38,52.27,52.62,1664,1992073
2017-03-20,53.14,53.09,51.93,52.38,1425,375885
2017-03-21,53.4,51.48,51.26,53.23,2919,431355
2017-03-22,52.58,52.46,51.31,51.61,1937,299495
2017-03-23,53.4,52.91,52.27,52.27,1556,243326
2017-03-24,53.14,52.4,52.02,52.91,1822,343286
2017-03-27,51.695,51.6,50.8,51.52,2015,572241
2017-03-28,53.08,52.86,51.36,51.58,1689,437205
2017-03-29,52.71,52.03,52.0,52.48,1391,241190
2017-03-30,52.65,52.56,51.81,51.81,1481,275574
2017-03-31,52.46,52.03,51.99,52.3,1915,452709
2017-04-03,52.36,51.23,50.97,52.16,1935,352799
2017-04-04,51.67,51.55,50.81,51.09,1849,322765
2017-04-05,52.39,51.6,51.5,51.88,1485,292603
2017-04-06,52.2,51.87,51.29,51.49,1245,243153
2017-04-07,51.77,51.08,50.98,51.5,1465,368878
2017-04-10,51.57,51.19,50.84,51.14,1095,216950
2017-04-11,51.03,50.99,50.37,50.9,1403,232996
2017-04-12,51.01,49.83,49.69,50.98,1894,344890
2017-04-13,49.95,49.34,49.24,49.86,1970,315472
2017-04-17,50.2,50.15,49.61,49.67,1487,478967
2017-04-18,51.12,50.63,50.15,50.18,1833,376229
2017-04-19,53.14,52.9,51.8,51.83,3374,962104
2017-04-20,53.66,53.08,53.04,53.26,2157,556622
2017-04-21,53.47,53.02,52.78,53.05,2071,452629
2017-04-24,54.36,54.02,53.67,53.71,2583,453164
2017-04-25,54.95,54.36,53.94,54.19,2524,422528
2017-04-26,56.0,53.65,53.54,56.0,2704,686781
2017-04-27,54.4,54.29,53.4,53.71,1990,445814
2017-04-28,54.28,53.56,53.38,54.21,1607,405372
2017-05-01,54.45,54.11,53.31,53.7,1817,329955
2017-05-02,54.36,54.19,53.7,54.11,1115,403293
2017-05-03,54.11,53.99,53.55,53.55,1357,272440
2017-05-04,54.52,54.11,53.61,54.16,1530,274822
2017-05-05,55.13,55.02,54.28,54.45,1598,273751
2017-05-08,55.14,54.61,54.5,54.9,990,245216
2017-05-09,54.65,53.41,53.36,54.58,1496,323146
2017-05-10,54.11,54.11,53.38,53.56,1233,243262
2017-05-11,54.32,54.28,53.47,54.0,1198,212037
2017-05-12,54.1,53.68,53.25,53.92,1139,391865
2017-05-15,54.47,54.0,53.83,53.98,1502,275452
2017-05-16,54.1,53.79,53.36,54.1,1237,274297
2017-05-17,53.12,52.14,52.085,52.9,1798,307890
2017-05-18,51.99,51.59,51.22,51.98,2185,364834
2017-05-19,52.37,51.99,51.61,51.72,1785,427109
2017-05-22,52.58,52.31,51.99,52.13,1456,450011
2017-05-23,52.82,52.7,52.21,52.44,1144,241057
2017-05-24,54.34,54.31,52.78,52.81,1883,419425
2017-05-25,55.39,55.29,54.5,54.55,1795,349566
2017-05-26,55.36,55.15,54.97,55.05,1760,307660
2017-05-30,55.38,55.05,54.79,54.88,1779,373034
2017-05-31,55.13,54.42,54.05,55.1,1531,453379
2017-06-01,55.39,55.27,54.43,54.62,1410,257280
2017-06-02,55.22,55.1,54.82,55.22,983,266357
2017-06-05,55.15,54.65,54.6,55.15,1096,174818
2017-06-06,54.47,54.12,53.98,54.32,1234,251714
2017-06-07,56.0,55.74,54.54,54.68,1633,388420
2017-06-08,55.81,55.46,55.25,55.55,1648,304978
2017-06-09,57.8,57.3,55.6,55.77,2099,395245
2017-06-12,57.84,57.27,56.94,56.94,1950,306857
2017-06-13,57.78,57.48,57.09,57.29,1341,215623
2017-06-14,57.45,56.8,56.35,57.45,1406,224488
2017-06-15,57.79,57.36,56.38,56.88,1708,300729
2017-06-16,57.5,57.49,56.84,57.48,1463,740560
2017-06-19,58.53,57.95,57.49,58.1,1158,394583
2017-06-20,57.89,57.24,57.19,57.64,1508,280518
2017-06-21,57.45,56.98,56.64,57.45,1857,300478
2017-06-22,57.29,56.85,56.38,57.01,1177,209795
2017-06-23,57.7,57.31,57.0,57.13,1273,640095
2017-06-26,57.4,57.03,56.87,57.31,1276,354211
2017-06-27,57.1,56.72,56.63,57.1,1404,292878
2017-06-28,57.18,56.69,56.38,56.99,1898,369979
2017-06-29,56.83,56.31,55.76,56.83,2309,400990
2017-06-30,56.95,56.66,56.33,56.69,1824,405521
2017-07-03,57.33,57.12,56.73,57.02,665,107962
2017-07-05,57.53,57.12,57.04,57.21,1118,204275
2017-07-06,57.02,56.41,56.37,56.91,1047,274032
2017-07-07,57.5,57.31,56.6,56.7,1378,264074
2017-07-10,58.615,58.29,57.32,57.39,2009,404369
2017-07-11,58.63,57.87,57.72,58.31,1392,298711
2017-07-12,59.0,58.63,58.21,58.21,1989,340143
2017-07-13,60.31,59.69,59.1,59.22,2037,396686
2017-07-14,60.0,59.65,59.35,59.81,1588,814392
2017-07-17,59.81,59.73,59.09,59.38,1203,396838
2017-07-18,59.59,59.12,58.76,59.39,1470,295351
2017-07-19,59.72,59.5,59.18,59.28,1328,226700
2017-07-20,59.51,58.91,58.5,59.51,1316,236541
2017-07-21,59.05,58.7,58.44,58.71,1120,274348
2017-07-24,59.01,58.62,58.43,58.65,1526,288347
2017-07-25,59.16,58.83,58.56,59.16,941,231663
2017-07-26,58.94,58.15,58.07,58.94,1177,175206
2017-07-27,58.84,58.72,57.31,58.06,1605,259149
2017-07-28,58.61,57.32,56.66,58.61,1899,329566
2017-07-31,57.63,57.42,56.97,57.53,1284,323635
2017-08-01,57.815,57.77,57.14,57.55,1106,194862
2017-08-02,57.78,57.65,56.59,57.47,1572,284736
2017-08-03,59.68,56.59,56.49,58.61,2100,379237
2017-08-04,58.17,57.33,56.93,56.93,1709,702685
2017-08-07,57.65,57.16,56.74,57.51,1392,539233
2017-08-08,57.41,56.56,56.46,57.21,1515,246960
2017-08-09,56.72,56.14,55.88,56.14,1503,284171
2017-08-10,56.15,55.23,55.19,56.05,1528,282504
2017-08-11,55.76,55.61,55.15,55.16,1516,270975
2017-08-14,56.92,56.54,56.08,56.26,1388,586792
2017-08-15,56.74,56.31,56.25,56.54,1135,204368
2017-08-16,57.42,57.3,56.91,56.91,1812,354408
2017-08-17,57.26,56.07,56.03,57.19,1431,274646
2017-08-18,56.79,56.29,55.55,55.92,1614,387045
2017-08-21,56.13,54.33,54.06,56.02,2379,401894
2017-08-22,54.92,54.83,54.38,54.61,1954,309259
2017-08-23,54.92,54.6,54.27,54.58,1441,225492
2017-08-24,55.1,54.68,54.49,54.87,1415,548746
2017-08-25,55.38,55.23,54.8,54.97,891,310500
2017-08-28,55.72,55.17,54.77,55.5,1335,613379
2017-08-29,55.31,55.26,54.54,54.74,1155,218957
2017-08-30,56.25,56.14,54.97,55.09,1397,234169
2017-08-31,57.06,56.91,56.49,56.49,2168,451774
2017-09-01,58.05,57.93,57.08,57.12,1930,376362
2017-09-05,57.84,56.84,56.63,57.8,1421,624908
2017-09-06,57.22,56.79,56.14,57.11,1618,479887
2017-09-07,56.96,56.47,55.88,56.91,2323,400534
2017-09-08,56.74,56.47,56.27,56.65,1583,278077
2017-09-11,58.0,57.75,56.83,57.0,2358,458407
2017-09-12,58.78,57.97,57.77,58.41,1452,294756
2017-09-13,57.92,57.33,56.8,57.79,1864,287102
2017-09-14,57.61,57.42,56.93,57.14,1554,416359
2017-09-15,57.88,57.56,56.93,57.51,1390,1038180
2017-09-18,58.22,57.74,57.57,57.86,1946,364812
2017-09-19,57.86,57.34,57.04,57.86,1943,505643
2017-09-20,58.35,58.25,57.3,57.4,1490,261579
2017-09-21,58.35,57.61,57.57,58.25,1554,716628
2017-09-22,57.52,55.67,55.35,57.51,3157,666377
2017-09-25,55.46,55.21,54.69,55.46,2251,470824
2017-09-26,55.94,55.6,55.34,55.4,1514,281715
2017-09-27,56.72,56.33,55.94,55.94,2114,405362
2017-09-28,57.1,56.78,56.27,56.27,1757,351643
2017-09-29,56.9,56.73,56.46,56.67,1513,381886
2017-10-02,58.07,58.07,56.8,56.91,1913,300674
2017-10-03,58.4,58.06,57.85,58.21,1147,342914
2017-10-04,58.26,58.19,57.86,58.11,1395,329368
2017-10-05,58.25,57.89,57.72,58.21,1508,316615
2017-10-06,58.72,58.17,57.79,58.08,1383,658209
2017-10-09,58.54,58.54,57.51,58.4,1425,319190
2017-10-10,59.01,58.97,58.4,58.77,1466,474330
2017-10-11,59.06,58.57,58.18,58.93,1217,257852
2017-10-12,58.99,58.71,58.53,58.76,920,460983
2017-10-13,59.11,58.86,58.59,58.86,860,190833
2017-10-16,59.17,59.13,58.63,58.97,960,180245
2017-10-17,59.65,59.6,59.04,59.04,1585,374294
2017-10-18,59.68,59.6,59.31,59.67,1706,342592
2017-10-19,60.03,59.6,59.25,59.6,2907,486414
2017-10-20,60.54,60.53,59.75,59.96,1679,324137
2017-10-23,61.12,60.76,60.54,60.79,1895,464461
2017-10-24,61.5,61.07,60.47,61.16,1823,364529
2017-10-25,61.17,60.97,60.38,61.0,1931,396185
2017-10-26,61.21,60.47,60.455,61.21,1833,379347
2017-10-27,60.86,60.83,58.64,60.28,2287,460078
2017-10-30,61.07,60.32,60.24,60.56,1385,218301
2017-10-31,61.34,61.33,60.24,60.36,1908,360562
2017-11-01,61.54,61.33,60.88,61.33,2196,479468
2017-11-02,61.18,59.82,59.21,60.76,3180,480661
2017-11-03,60.04,59.95,59.0,59.83,1822,358899
2017-11-06,60.42,59.27,58.42,59.84,2481,610952
2017-11-07,59.52,58.95,58.57,59.32,1262,269498
2017-11-08,59.35,59.34,58.45,58.9,851,250474
2017-11-09,59.52,59.03,58.69,58.69,2832,461673
2017-11-10,59.12,58.66,58.46,58.79,1243,249508
2017-11-13,58.88,58.84,58.18,58.18,1313,411573
2017-11-14,59.22,58.66,58.21,58.38,1657,350460
2017-11-15,59.18,58.76,58.17,58.54,1311,260670
2017-11-16,59.52,59.15,58.6,58.94,1324,395037
2017-11-17,59.71,59.5,58.6,58.93,1435,421882
2017-11-20,59.13,58.45,58.44,59.13,1642,346498
2017-11-21,59.15,58.66,58.57,58.84,1102,304784
2017-11-22,59.04,58.79,58.65,58.99,1022,281675
2017-11-24,59.32,58.86,58.67,59.04,413,139819
2017-11-27,58.93,58.69,58.45,58.9,1036,226079
2017-11-28,59.36,59.28,58.68,58.8,1443,277153
2017-11-29,60.46,60.26,59.01,59.26,1323,221750
2017-11-30,62.58,62.41,60.51,60.52,2823,837058
2017-12-01,62.54,62.4,60.67,62.5,3108,594363
2017-12-04,63.62,63.47,62.6,62.82,2156,388019
2017-12-05,63.61,63.31,63.06,63.54,2423,495674
2017-12-06,63.54,63.42,62.97,63.23,1591,308320
2017-12-07,63.76,63.56,63.24,63.28,1209,324397
2017-12-08,64.76,64.42,63.74,63.77,1596,365042
2017-12-11,64.74,64.42,63.97,64.59,1882,639289
2017-12-12,64.85,63.94,63.82,64.66,1901,476093
2017-12-13,64.48,64.3,63.97,64.0,1566,349791
2017-12-14,64.62,62.55,62.55,64.62,2032,724101
2017-12-15,64.02,63.11,62.64,64.02,4472,2293305
2017-12-18,64.09,63.86,63.5,63.5,1726,501193
2017-12-19,64.19,63.4,63.17,63.83,1601,406751
2017-12-20,63.81,63.73,63.13,63.79,1393,333691
2017-12-21,64.24,63.84,63.74,64.09,1176,353086
2017-12-22,63.96,63.73,63.19,63.81,1594,291720
2017-12-26,64.13,63.25,63.15,63.84,653,148216
2017-12-27,63.46,63.08,62.96,63.3,1119,223489
2017-12-28,63.23,63.2,62.74,63.23,1729,325610
2017-12-29,63.66,63.21,62.88,63.3,1215,324433
2018-01-02,64.79,64.71,63.42,63.68,2308,384444
2018-01-03,66.0,65.4,64.75,64.96,2913,538708
2018-01-04,67.21,67.04,65.54,65.74,2860,538864
2018-01-05,67.82,67.31,66.87,67.25,2404,441506
2018-01-08,68.29,67.76,67.16,67.75,2343,539899
2018-01-09,68.085,67.4,67.27,67.86,3713,699837
2018-01-10,67.72,67.41,67.09,67.44,2235,514038
2018-01-11,68.26,68.26,67.22,67.74,1650,421117
2018-01-12,69.29,69.2,68.23,68.64,2868,670932
2018-01-16,69.95,68.69,68.39,69.41,2277,545665
2018-01-17,69.5,69.27,68.76,69.38,1867,367115
2018-01-18,69.14,68.03,67.88,69.14,2124,539192
2018-01-19,69.27,69.16,68.4,68.52,1791,432780
2018-01-22,69.34,68.78,68.26,69.04,1618,342244
2018-01-23,68.63,68.41,68.1,68.46,1574,593251
2018-01-24,69.31,68.75,68.54,68.84,2171,407121
2018-01-25,69.66,69.09,68.43,68.96,1639,335267
2018-01-26,71.51,70.27,69.17,69.41,2294,411706
2018-01-29,70.59,68.41,67.94,70.36,5717,1054220
2018-01-30,69.47,68.16,67.88,68.16,4146,930077
2018-01-31,68.03,66.63,66.09,68.03,3906,726176
2018-02-01,66.94,66.28,65.41,65.87,3180,548376
2018-02-02,67.535,67.24,65.96,65.96,3023,458230
2018-02-05,66.79,63.96,63.791,66.59,3773,629429
2018-02-06,64.62,64.55,62.05,62.74,5803,893082
2018-02-07,65.93,64.42,64.24,64.3,2750,489689
2018-02-08,64.32,60.93,60.89,64.06,3327,545462
2018-02-09,62.87,62.33,60.19,61.94,3369,507550
2018-02-12,63.7,63.27,62.36,63.08,2343,508953
2018-02-13,63.48,63.43,62.78,63.0,1145,311692
2018-02-14,64.35,64.3,62.77,62.77,1823,367707
2018-02-15,64.925,64.91,63.69,64.65,2414,407019
2018-02-16,66.68,66.32,64.55,64.75,3249,656296
2018-02-20,66.21,65.11,64.94,66.02,1849,348177
2018-02-21,66.21,65.13,64.99,64.99,2062,337790
2018-02-22,65.84,65.28,64.8,65.54,1820,349786
2018-02-23,66.16,66.11,65.32,65.62,1282,299346
2018-02-26,67.48,67.33,66.53,66.65,1692,336405
2018-02-27,67.76,66.66,66.66,67.21,1854,286669
2018-02-28,67.34,65.76,65.73,67.16,1911,448119
2018-03-01,66.02,64.97,64.39,65.71,1777,287997
2018-03-02,65.57,65.4,63.79,64.57,1575,296701
2018-03-05,66.16,66.0,64.78,64.99,1060,226300
2018-03-06,66.74,66.4,65.15,66.12,1706,315841
2018-03-07,66.53,66.2,65.36,65.73,1606,289119
2018-03-08,66.61,66.05,65.61,66.32,1462,297504
2018-03-09,67.07,67.07,65.99,66.35,1165,258308
2018-03-12,67.23,67.05,66.76,66.98,1343,456303
2018-03-13,67.95,67.01,66.96,67.5,1461,244095
2018-03-14,67.22,66.2,66.18,67.22,2336,540049
2018-03-15,67.0,66.51,66.29,66.57,1475,340958
2018-03-16,66.66,66.37,65.86,66.38,1864,1903609
2018-03-19,66.25,64.82,64.46,66.16,1859,429463
2018-03-20,65.37,64.58,64.18,65.15,1395,308815
2018-03-21,65.46,64.84,64.27,64.54,1376,346768
2018-03-22,64.47,62.74,62.69,63.85,2156,388469
2018-03-23,63.21,61.04,60.99,62.96,2244,570552
2018-03-26,63.89,63.83,62.35,62.46,3007,404521
2018-03-27,64.69,63.45,63.16,64.13,2212,392858
2018-03-28,64.1,63.16,62.97,63.57,2440,372447
2018-03-29,64.73,64.17,63.26,63.69,1599,390920
2018-04-02,64.02,61.95,60.93,64.02,2725,433386
2018-04-03,63.25,63.17,61.84,62.31,1665,325270
2018-04-04,63.92,63.86,62.04,62.04,1741,391006
2018-04-05,64.77,64.45,63.79,64.39,1904,286425
2018-04-06,63.94,62.65,62.28,63.71,2315,578288
2018-04-09,63.67,63.0,62.77,63.09,1488,275694
2018-04-10,65.0,64.56,64.0,64.04,1522,305754
2018-04-11,64.61,64.25,63.72,63.83,1185,194383
2018-04-12,65.04,64.84,64.47,64.77,1144,217912
2018-04-13,65.5,65.0,64.73,65.43,2060,406471
2018-04-16,66.0,65.36,65.22,65.75,1314,339516
2018-04-17,66.23,66.1,65.45,65.76,1453,261066
2018-04-18,66.78,66.36,66.09,66.33,1209,233653
2018-04-19,67.0,66.61,66.18,66.59,1051,191553
2018-04-20,66.96,66.27,65.43,66.88,1594,395541
2018-04-23,66.45,66.37,66.0,66.42,1235,280152
2018-04-24,66.61,64.7,64.14,66.6,1469,357613
2018-04-25,65.41,65.1,63.51,64.54,1803,297496
2018-04-26,65.45,64.35,64.23,65.32,2102,366839
2018-04-27,64.14,60.79,60.19,63.5,4059,757941
2018-04-30,61.35,59.16,58.99,60.71,3422,644521
2018-05-01,59.9,59.82,58.48,59.05,3547,745387
2018-05-02,59.72,58.56,58.36,59.61,2729,524951
2018-05-03,58.79,58.42,57.64,58.0,2001,355728
2018-05-04,59.64,59.41,57.91,57.91,2516,415397
2018-05-07,60.4,60.0,59.59,59.64,4385,967128
2018-05-08,60.24,60.11,59.72,59.84,5308,874661
2018-05-09,60.68,60.48,60.05,60.5,2604,426170
2018-05-10,60.75,60.55,60.26,60.62,2268,474689
2018-05-11,61.55,61.03,60.75,61.01,1828,284182
2018-05-14,61.54,61.21,61.05,61.09,1448,425547
2018-05-15,61.18,60.86,60.4,61.0,3092,815372
2018-05-16,62.11,61.89,60.86,60.92,2090,475545
2018-05-17,62.8,62.28,61.87,61.87,1404,250553
2018-05-18,62.44,62.09,62.07,62.18,1777,404210
2018-05-21,62.45,61.39,61.18,62.32,2102,487225
2018-05-22,61.59,61.36,61.05,61.38,1755,472741
2018-05-23,61.17,60.77,60.3,61.05,2182,385246
2018-05-24,60.95,60.66,60.0,60.77,1380,384850
2018-05-25,60.56,59.96,59.62,60.48,2209,771310
2018-05-29,60.07,59.03,58.87,59.6,4587,937157
2018-05-30,60.14,59.76,59.43,59.55,1594,394860
2018-05-31,59.9,58.88,58.57,59.78,2861,882159
2018-06-01,60.39,60.12,59.33,59.38,1944,724176
2018-06-04,60.9,60.68,60.36,60.52,1405,379340
2018-06-05,61.62,60.77,60.75,61.03,1983,504105
2018-06-06,60.93,60.91,59.48,60.77,1862,606027
2018-06-07,61.18,60.56,60.41,60.88,1587,323840
2018-06-08,60.98,60.96,60.05,60.56,1735,316541
2018-06-11,61.77,61.44,61.02,61.03,1585,391035
2018-06-12,62.04,61.82,61.18,61.65,1815,336162
2018-06-13,61.65,60.5,59.96,61.65,1676,451702
2018-06-14,60.82,60.5,60.16,60.82,1298,414265
2018-06-15,60.1,59.81,59.24,59.74,1984,1449144
2018-06-18,59.82,59.4,59.28,59.5,1556,470050
2018-06-19,58.89,58.49,58.07,58.87,1790,412735
2018-06-20,58.87,58.46,57.98,58.72,1586,386453
2018-06-21,58.27,57.44,57.33,58.25,2555,408033
2018-06-22,58.35,57.97,57.78,57.96,1635,949439
2018-06-25,58.84,58.23,57.51,58.58,2128,380954
2018-06-26,58.49,58.27,58.0,58.09,1435,338498
2018-06-27,58.65,57.51,57.5,58.43,1471,288797
2018-06-28,57.62,57.04,56.58,57.6,1471,299389
2018-06-29,57.78,57.02,56.98,57.22,2252,585883
2018-07-02,57.06,56.93,56.17,56.57,1777,365587
2018-07-03,57.41,56.59,56.49,57.19,1635,313730
2018-07-05,56.9,56.71,56.37,56.9,2701,551430
2018-07-06,57.33,56.92,56.34,56.6,2492,404421
2018-07-09,57.87,57.69,57.05,57.34,1788,496516
2018-07-10,58.16,58.11,57.63,57.83,1985,286888
2018-07-11,57.88,57.3,57.24,57.83,1200,203122
2018-07-12,58.51,57.89,57.69,57.73,2363,310303
2018-07-13,58.19,57.44,57.35,57.75,1042,286871
2018-07-16,57.4,57.04,56.78,57.39,818,368643
2018-07-17,57.62,57.29,56.52,56.94,1443,325071
2018-07-18,57.86,57.64,57.43,57.43,1274,280073
2018-07-19,57.93,57.79,57.11,57.52,815,159404
2018-07-20,57.82,57.5,57.34,57.44,1138,337173
2018-07-23,57.61,57.18,57.15,57.61,1176,288670
2018-07-24,57.71,57.46,57.29,57.47,1719,350447
2018-07-25,57.43,57.23,56.59,57.43,1373,322653
2018-07-26,57.22,56.39,56.09,57.09,2700,693282
2018-07-27,57.36,56.12,56.12,56.5,2648,503390
2018-07-30,57.54,57.29,56.12,56.33,2109,440855
2018-07-31,58.27,57.98,57.35,57.59,1138,865510
2018-08-01,58.05,57.12,56.79,58.05,1371,287895
2018-08-02,55.77,55.41,52.799,54.8,4619,879760
2018-08-03,56.31,55.82,55.36,55.85,2744,588165
2018-08-06,56.56,56.29,55.75,55.75,2118,448360
2018-08-07,56.97,56.72,56.02,56.17,1440,409530
2018-08-08,57.0,56.17,55.81,56.72,1534,355317
2018-08-09,56.35,55.56,55.46,55.83,1263,267878
2018-08-10,55.35,55.0,54.59,55.35,1247,380045
2018-08-13,55.16,54.71,54.41,55.08,1219,342357
2018-08-14,55.91,55.9,54.68,54.68,1295,497363
2018-08-15,55.39,54.96,54.18,55.29,1238,275004
2018-08-16,55.45,55.12,55.03,55.21,1213,253109
2018-08-17,55.5,55.32,54.83,54.87,1178,454047
2018-08-20,55.76,55.6,55.24,55.71,1779,396516
2018-08-21,55.87,55.5,55.47,55.6,1915,454399
2018-08-22,55.6,54.84,54.81,55.51,1294,364609
2018-08-23,54.97,54.82,54.27,54.74,1816,519003
2018-08-24,55.6,55.4,55.07,55.07,1386,289789
2018-08-27,56.48,56.09,55.62,55.62,1380,200464
2018-08-28,56.29,55.71,55.67,56.22,1080,242758
2018-08-29,56.1,55.94,55.5,55.6,1125,269918
2018-08-30,55.99,55.53,55.355,55.69,1700,681878
2018-08-31,55.71,55.08,55.06,55.34,1436,1223897
2018-09-04,55.32,54.14,54.0,55.16,2260,509733
2018-09-05,55.205,55.18,54.0,54.14,2896,627573
2018-09-06,55.76,54.88,54.71,55.25,1805,363199
2018-09-07,55.2,54.98,54.77,54.83,2012,377119
2018-09-10,55.82,55.58,55.0,55.27,1567,338325
2018-09-11,55.78,55.28,54.86,55.78,1459,388864
2018-09-12,55.57,55.09,54.99,55.16,1591,272178
2018-09-13,55.84,55.51,55.4,55.46,1600,419637
2018-09-14,56.06,55.82,55.34,55.62,1544,495468
2018-09-17,56.63,55.95,55.83,55.92,1427,320950
2018-09-18,56.31,56.16,55.45,56.0,1425,292008
2018-09-19,56.91,56.61,56.34,56.53,1589,341434
2018-09-20,57.22,56.84,56.69,56.96,1473,463200
2018-09-21,56.97,56.33,55.98,56.97,1774,1212226
2018-09-24,56.06,55.45,55.01,56.05,1699,570126
2018-09-25,55.65,54.17,54.05,55.63,1981,484360
2018-09-26,54.59,53.69,52.97,54.09,2460,459913
2018-09-27,53.86,53.53,53.33,53.62,1856,434531
2018-09-28,54.1,53.44,53.38,53.48,1986,518638
2018-10-01,54.31,53.6,53.5,53.78,1850,295767
2018-10-02,54.31,53.37,53.15,53.62,1653,439412
2018-10-03,53.67,51.8,51.69,53.59,2142,634322
2018-10-04,51.9,51.59,50.91,51.81,2497,464143
2018-10-05,52.07,50.56,50.44,51.67,2478,897096
2018-10-08,50.75,49.13,48.92,50.44,3082,712229
2018-10-09,47.04,45.25,44.22,46.85,5678,1152072
2018-10-10,45.27,43.63,43.61,45.2,5345,823080
2018-10-11,43.94,41.95,41.88,43.63,4890,1046788
2018-10-12,42.81,42.61,41.87,42.63,3956,719194
2018-10-15,42.84,42.35,42.35,42.51,2409,548970
2018-10-16,43.17,43.11,41.9,42.29,1936,411948
2018-10-17,43.2,43.15,42.39,43.14,1704,361683
2018-10-18,43.62,42.69,42.51,42.65,3477,582367
2018-10-19,43.1,42.48,42.33,42.66,1990,458827
2018-10-22,42.64,40.27,40.2,42.53,4065,1212961
2018-10-23,41.96,41.6,39.25,40.02,5706,878160
2018-10-24,42.11,40.03,40.025,41.67,5010,821555
2018-10-25,42.19,41.55,40.75,41.04,3426,582476
2018-10-26,41.95,41.55,40.34,40.94,6635,1018941
2018-10-29,42.62,40.94,40.09,42.17,5144,666694
2018-10-30,42.98,42.84,41.06,41.16,5257,1253132
2018-10-31,43.84,42.97,42.95,43.45,4120,743429
2018-11-01,44.89,44.76,43.12,43.6,4990,644323
2018-11-02,45.32,44.67,44.28,45.11,4157,798286
2018-11-05,45.96,45.37,44.11,45.44,4453,850843
2018-11-06,47.34,46.73,45.51,45.65,4378,678312
2018-11-07,47.52,46.8,46.03,47.22,2335,643794
2018-11-08,47.05,46.35,45.76,46.32,1991,466515
2018-11-09,46.24,45.81,45.43,46.09,1848,360689
2018-11-12,45.805,44.79,44.65,45.71,2440,448527
2018-11-13,46.17,45.33,44.87,45.0,2630,441951
2018-11-14,46.77,45.56,45.25,45.59,2165,634902
2018-11-15,45.72,45.43,44.32,44.94,3200,598995
2018-11-16,46.45,46.15,45.02,45.13,2408,771347
2018-11-19,46.78,46.07,45.73,45.84,2720,468195
2018-11-20,46.61,45.73,44.7,45.62,2561,383633
2018-11-21,46.05,45.55,44.78,45.91,2796,462527
2018-11-23,45.49,45.32,44.75,45.11,845,179869
2018-11-26,46.51,46.43,45.7,45.79,2385,482825
2018-11-27,46.73,46.56,45.98,46.03,2442,427014
2018-11-28,46.86,46.45,45.36,46.65,2701,623413
2018-11-29,46.86,46.35,46.06,46.09,1940,445092
2018-11-30,47.31,47.11,46.25,46.3,2291,843533
2018-12-03,48.55,47.27,46.59,47.9,2498,497341
2018-12-04,47.18,46.51,45.97,46.86,3443,758398
2018-12-06,46.29,46.21,44.98,45.65,3480,685351
2018-12-07,46.56,45.29,45.06,46.33,2382,522567
2018-12-10,45.13,44.21,43.54,44.9,2376,585012
2018-12-11,45.19,44.2,44.02,44.95,2483,399951
2018-12-12,45.28,44.41,44.36,44.9,1791,428625
2018-12-13,44.75,43.86,43.75,44.47,1933,449780
2018-12-14,44.4,44.37,43.05,43.49,1864,1374680
2018-12-17,43.46,40.19,39.925,43.4,5972,1196197
2018-12-18,41.17,40.25,39.83,40.38,3141,878797
2018-12-19,40.96,39.36,39.16,40.34,3243,565381
2018-12-20,39.58,38.28,38.04,39.04,3391,722064
2018-12-21,38.8,36.94,36.87,38.28,3909,2920115
2018-12-24,36.85,35.24,35.2,36.75,2495,380740
2018-12-26,37.31,37.31,35.23,35.54,2328,508067
2018-12-27,37.93,37.93,36.42,36.53,2525,533737
2018-12-28,38.27,37.27,37.12,38.01,2456,400199
2018-12-31,37.93,37.76,37.1,37.44,2377,589281
2019-01-02,39.12,38.89,37.26,37.45,2903,741011
2019-01-03,38.97,38.23,37.81,38.68,3022,776332
2019-01-04,40.05,39.88,39.07,39.08,2538,639443
2019-01-07,40.83,39.95,39.01,39.17,2964,629460
2019-01-08,40.12,39.84,39.22,39.85,2872,694707
2019-01-09,39.82,39.0,38.71,39.6,3582,742958
2019-01-10,40.63,40.29,38.92,38.92,3813,948161
2019-01-11,41.1,40.95,40.1,40.33,2719,608955
2019-01-14,40.73,40.2,40.08,40.64,2118,643823
2019-01-15,40.39,40.38,39.81,40.2,2333,512361
2019-01-16,40.64,40.32,39.9,40.31,1825,642363
2019-01-17,40.87,40.57,39.89,40.26,3776,729288
2019-01-18,41.96,41.42,40.81,40.84,2323,712679
2019-01-22,41.8,41.26,41.11,41.32,3040,961674
2019-01-23,41.79,41.03,40.57,41.73,1768,579767
2019-01-24,41.84,41.83,41.19,41.19,1891,404597
2019-01-25,43.0,42.29,42.04,42.26,2304,586615
2019-01-28,41.89,41.68,41.2,41.89,1819,336652
2019-01-29,42.08,41.45,41.26,41.87,1791,667779
2019-01-30,41.85,41.46,40.86,41.59,2770,446841
2019-01-31,41.61,40.71,40.26,40.73,5032,1461376
2019-02-01,40.5,38.7,38.66,40.5,3875,926047
2019-02-04,38.83,38.0,37.75,38.83,3001,704786
2019-02-05,38.4,38.26,37.54,38.11,3188,999856
2019-02-06,39.021,38.64,38.21,38.27,3031,864640
2019-02-07,38.57,37.9,37.47,38.46,2839,939326
2019-02-08,38.09,37.81,37.32,37.87,2083,508258
2019-02-11,38.06,37.67,37.05,38.02,2158,616367
2019-02-12,38.75,38.71,37.89,38.03,2371,583588
2019-02-13,39.4,39.14,38.88,39.08,2514,650641
2019-02-14,38.705,38.38,38.29,38.68,2328,496481
2019-02-15,39.21,39.05,38.5,38.56,2282,645231
2019-02-19,39.535,39.26,38.7,39.0,2034,587748
2019-02-20,40.48,40.32,39.27,39.34,3140,854550
2019-02-21,40.14,39.26,39.04,40.14,2873,616613
2019-02-22,39.8,39.27,38.79,39.52,2502,499994
2019-02-25,40.02,39.67,39.35,39.39,2384,687667
2019-02-26,39.96,39.23,39.23,39.68,1980,678232
2019-02-27,39.18,38.6,38.58,39.18,2042,514299
2019-02-28,38.5,37.38,37.37,38.5,3081,1582226
2019-03-01,38.18,37.55,37.37,37.68,2826,811151
2019-03-04,38.395,38.31,37.2,37.79,3518,794094
2019-03-05,38.74,38.53,38.22,38.4,2272,661601
2019-03-06,38.67,37.89,37.86,38.61,2441,537487
2019-03-07,37.73,37.41,36.97,37.73,2832,649366
2019-03-08,37.735,37.7,36.74,36.96,2638,583802
2019-03-11,38.98,38.79,37.96,38.0,2915,718926
2019-03-12,39.7,39.55,38.9,38.9,2904,666645
2019-03-13,40.07,39.58,39.55,39.8,2829,809281
2019-03-14,39.62,39.16,38.98,39.4,2596,734161
2019-03-15,39.1,37.55,37.415,38.86,3202,5618793
2019-03-18,38.38,38.28,37.58,37.65,2566,1175676
2019-03-19,39.43,38.46,38.3,38.62,3231,928013
2019-03-20,38.32,37.65,37.37,38.29,2696,736906
2019-03-21,38.15,38.1,37.25,37.4,2757,863705
2019-03-22,37.87,36.75,36.55,37.87,3038,749401
2019-03-25,36.88,36.61,35.96,36.59,3327,719463
2019-03-26,37.68,37.66,36.7,36.7,2879,797180
2019-03-27,38.32,37.56,37.54,37.72,3990,1432856
2019-03-28,38.04,37.98,37.47,37.56,2655,1056887
2019-03-29,38.57,38.35,37.67,38.23,2731,701212
2019-04-01,39.84,39.77,38.52,38.52,2621,603965
2019-04-02,39.92,38.95,38.95,39.77,2846,624264
2019-04-03,40.075,39.82,39.16,39.32,2543,607801
2019-04-04,39.59,39.18,38.6,39.58,2939,688011
2019-04-05,40.09,39.89,39.09,39.2,2376,496027
2019-04-08,40.09,39.56,39.04,39.93,2604,512215
2019-04-09,39.41,38.92,38.8,39.37,2220,546628
2019-04-10,39.19,38.99,38.51,38.93,2400,412410
2019-04-11,39.75,39.0,38.87,39.0,2870,497846
2019-04-12,39.93,39.54,39.39,39.39,2154,380011
2019-04-15,39.68,38.73,38.7,39.48,2939,985943
2019-04-16,37.02,36.88,35.22,37.0,6044,1322231
2019-04-17,36.77,35.5,35.38,36.63,3736,939271
2019-04-18,35.83,35.49,35.25,35.57,2761,720476
2019-04-22,36.785,35.8,35.59,36.54,3222,738256
2019-04-23,36.68,36.5,35.4,35.73,3887,1003094
2019-04-24,36.905,36.83,36.35,36.55,2505,521972
2019-04-25,37.42,36.61,36.3,37.03,2752,549613
2019-04-26,37.2,37.11,36.54,36.73,2221,429324
2019-04-29,37.29,37.05,36.65,37.06,3478,700991
2019-04-30,38.5,38.38,36.25,37.47,5368,2144073
2019-05-01,39.0,37.99,37.7,38.54,3746,560447
2019-05-02,38.78,38.52,37.61,37.78,3158,548125
2019-05-03,39.49,39.29,38.85,38.85,2876,473365
2019-05-06,38.76,38.39,37.85,38.65,2229,467795
2019-05-07,38.45,38.3,37.72,37.98,2912,457996
2019-05-08,38.64,38.12,37.9,38.09,2409,416433
2019-05-09,37.34,37.15,36.55,37.26,3205,686742
2019-05-10,37.47,37.23,36.55,37.02,2884,388707
2019-05-13,36.5,36.12,35.82,36.38,3377,473474
2019-05-14,37.6,37.19,36.2,36.28,3352,766263
2019-05-15,37.82,37.44,36.94,37.31,2429,522567
2019-05-16,38.14,37.42,37.39,37.57,2688,440424
2019-05-17,37.39,36.66,36.48,37.05,1993,398354
2019-05-20,35.83,35.15,35.08,35.72,3308,554087
2019-05-21,36.12,35.94,35.38,35.56,2541,450306
2019-05-22,36.75,35.22,35.21,36.02,2771,523709
2019-05-23,35.05,34.68,34.49,35.0,2790,524804
2019-05-24,35.19,34.84,34.57,35.11,2089,362051
2019-05-28,34.85,34.02,34.02,34.71,2839,690495
2019-05-29,34.13,33.63,33.44,33.8,3422,520804
2019-05-30,33.87,33.16,32.96,33.69,2474,403274
2019-05-31,32.87,32.6,32.43,32.53,2796,621869
2019-06-03,33.38,33.24,32.31,32.52,4597,987947
2019-06-04,35.61,35.6,33.53,33.77,4292,874262
2019-06-05,36.15,35.88,34.87,36.15,3439,923291
2019-06-06,36.98,36.65,35.7,35.8,4809,1025848
2019-06-07,36.99,36.42,36.06,36.5,2724,499911
2019-06-10,37.09,36.43,36.27,36.64,3210,501945
2019-06-11,37.25,36.51,36.43,36.92,2658,499592
2019-06-12,36.63,36.3,36.16,36.59,1845,363004
2019-06-13,37.18,37.16,36.65,36.65,1998,366477
2019-06-14,37.04,36.05,36.0,37.04,2529,635678
2019-06-17,36.26,35.36,35.29,36.15,3098,584281
2019-06-18,36.61,35.98,35.61,35.64,2698,482586
2019-06-19,36.43,35.85,35.79,36.29,2487,431267
2019-06-20,36.6,36.5,35.58,36.38,2459,605974
2019-06-21,36.77,36.72,36.33,36.57,2770,1660333
2019-06-24,36.3,35.18,35.11,36.3,3604,744539
2019-06-25,35.45,34.65,34.56,35.17,3053,615403
2019-06-26,35.16,34.74,34.64,34.8,2406,475078
2019-06-27,35.81,35.75,35.09,35.09,2554,497312
2019-06-28,36.64,36.47,35.77,35.77,3901,1193921
2019-07-01,37.81,37.45,36.68,37.35,4410,866942
2019-07-02,37.57,37.23,36.76,37.5,3283,565070
2019-07-03,38.16,38.12,37.15,37.15,1660,357176
2019-07-05,38.13,38.07,37.4,37.67,2564,499469
2019-07-08,38.63,37.78,37.64,37.96,2693,630899
2019-07-09,37.73,37.42,37.24,37.61,2635,504214
2019-07-10,38.18,37.4,37.34,37.83,2603,383793
2019-07-11,37.34,36.19,36.03,37.34,3287,671600
2019-07-12,36.985,36.95,36.05,36.24,2340,448975
2019-07-15,36.06,35.85,35.34,36.0,3478,770905
2019-07-16,36.63,35.81,35.785,35.89,3127,487844
2019-07-17,35.78,35.34,35.07,35.78,3265,609880
2019-07-18,35.295,35.24,34.87,35.24,4025,687321
2019-07-19,36.41,36.23,34.99,35.44,3452,616794
2019-07-22,36.325,35.69,35.26,36.26,2755,515019
2019-07-23,37.16,36.77,35.95,36.1,4122,545709
2019-07-24,37.07,36.79,36.41,36.57,3291,649702
2019-07-25,37.41,37.11,36.64,36.84,3630,526818
2019-07-26,37.24,36.64,36.43,37.11,2608,568997
2019-07-29,36.86,36.75,36.2,36.64,2340,357703
2019-07-30,37.22,37.15,36.14,36.62,2742,489880
2019-07-31,37.14,36.05,35.82,37.14,4440,999554
2019-08-01,38.51,37.26,36.78,37.1,6275,1000442
2019-08-02,37.36,36.85,36.19,37.3,3459,568398
2019-08-05,36.2,35.17,34.7,36.17,4861,1126816
2019-08-06,35.6,34.82,34.54,35.49,3251,594093
2019-08-07,34.79,34.79,33.99,34.5,4760,697540
2019-08-08,34.97,34.82,34.47,34.59,3392,796355
2019-08-09,34.68,34.32,34.06,34.68,3696,550005
2019-08-12,34.04,33.22,33.19,34.04,2742,485843
2019-08-13,35.01,34.65,32.92,33.25,3331,708703
2019-08-14,34.51,33.24,33.21,33.94,4673,1330455
2019-08-15,33.58,32.6,32.38,33.35,5627,980812
2019-08-16,33.85,33.35,32.69,33.08,3803,735656
2019-08-19,34.35,33.98,33.8,33.97,2910,678163
2019-08-20,34.04,33.25,33.17,33.69,2562,504655
2019-08-21,33.76,33.57,33.38,33.66,2024,306741
2019-08-22,33.91,33.63,33.4,33.73,2281,518941
2019-08-23,33.49,32.34,32.205,33.39,4479,977358
2019-08-26,33.15,32.88,32.44,32.8,2887,513563
2019-08-27,33.39,32.31,32.2,33.13,3459,567020
2019-08-28,33.54,33.48,31.94,32.15,3356,655409
2019-08-29,34.5,34.11,33.88,33.98,2688,501379
2019-08-30,34.87,34.18,34.15,34.48,2604,779456
2019-09-03,33.8,33.01,32.89,33.78,3035,690480
2019-09-04,34.12,33.99,33.23,33.5,2291,370300
2019-09-05,35.1,34.93,34.48,34.56,3011,906927
2019-09-06,35.45,35.12,34.8,35.0,2371,742348
2019-09-09,36.41,35.95,35.44,35.75,3234,597209
2019-09-10,37.975,37.86,36.18,36.18,4879,819709
2019-09-11,39.1,39.08,37.47,37.87,4854,854590
2019-09-12,38.94,38.44,38.01,38.94,4529,719470
2019-09-13,39.68,39.09,38.64,38.85,3939,674925
2019-09-16,38.93,37.92,37.71,38.68,3263,1120200
2019-09-17,37.51,37.24,36.78,37.22,4274,696275
2019-09-18,37.38,36.8,36.67,37.03,3920,764076
2019-09-19,37.04,35.89,35.84,36.88,3602,703314
2019-09-20,36.4,35.91,35.58,35.89,3365,2126421
2019-09-23,36.295,36.16,35.4,35.62,2858,521626
2019-09-24,36.51,35.89,35.71,36.51,2811,548189
2019-09-25,36.475,36.4,35.61,35.97,2796,608774
2019-09-26,36.58,36.33,35.93,36.48,2553,437054
2019-09-27,36.73,36.48,36.2,36.6,2151,405318
2019-09-30,36.57,36.45,36.24,36.53,3097,602402
2019-10-01,36.83,34.86,34.78,36.75,4165,668771
2019-10-02,34.49,33.93,33.51,34.49,4384,864541
2019-10-03,33.76,33.47,32.84,33.76,3522,585128
2019-10-04,34.14,34.07,33.265,33.58,3757,781498
2019-10-07,34.44,34.01,33.83,33.97,4773,1229523
2019-10-08,33.98,33.57,33.5,33.56,5525,924877
2019-10-09,34.11,34.0,33.695,33.93,4157,811583
2019-10-10,35.56,35.41,34.21,34.28,4266,771220
2019-10-11,36.86,36.57,35.97,35.97,4660,825712
2019-10-14,36.46,36.03,36.0,36.46,2523,582274
2019-10-15,36.6,36.25,36.0,36.11,3306,476834
2019-10-16,37.2,36.31,36.2,36.32,4089,731311
2019-10-17,36.49,36.2,35.69,36.34,3470,519672
2019-10-18,36.85,36.7,36.05,36.13,2964,718384
2019-10-21,37.52,37.12,36.94,37.12,2038,512099
2019-10-22,37.97,37.65,36.71,37.03,2400,436738
2019-10-23,38.35,38.25,37.5,37.7,2922,803397
2019-10-24,38.44,37.6,37.03,38.28,3002,550671
2019-10-25,38.44,38.01,37.45,37.58,1984,292497
2019-10-28,38.5,38.44,38.03,38.16,1843,343120
2019-10-29,38.19,37.97,37.46,38.0,2100,402898
2019-10-30,37.96,37.66,37.15,37.9,2771,488282
2019-10-31,38.04,37.37,36.81,37.7,3119,867516
2019-11-01,38.83,38.8,37.54,37.75,2866,673231
2019-11-04,39.26,39.17,38.72,38.9,2890,469759
2019-11-05,39.99,39.62,39.06,39.25,3941,762954
2019-11-06,39.76,39.24,38.79,39.42,4294,759464
2019-11-07,39.94,39.04,37.8,39.72,5448,1371869
2019-11-08,39.78,39.75,38.34,38.77,3194,682469
2019-11-11,39.715,39.39,39.11,39.59,2321,352054
2019-11-12,41.04,40.64,39.4,39.45,5114,879769
2019-11-13,40.775,40.37,40.11,40.57,3897,814939
2019-11-14,41.07,40.5,40.25,40.25,3258,614895
2019-11-15,40.75,39.96,39.88,40.75,3580,1141054
2019-11-18,40.34,40.02,39.68,40.34,4400,868191
2019-11-19,40.22,39.94,39.85,40.1,2512,465047
2019-11-20,39.71,38.74,38.5,39.71,3561,771998
2019-11-21,39.06,38.32,38.25,38.98,2444,414913
2019-11-22,38.96,38.81,38.315,38.42,3360,1294300
2019-11-25,39.785,39.74,38.99,39.1,3223,656679
2019-11-26,40.58,40.49,39.47,39.65,2801,661919
2019-11-27,40.87,40.66,40.37,40.63,3034,647194
2019-11-29,40.59,40.33,40.24,40.59,1421,370884
2019-12-02,41.0,40.4,40.355,40.59,3063,603693
2019-12-03,39.71,39.5,39.18,39.71,3733,724039
2019-12-04,40.32,39.38,39.355,39.66,2787,746102
2019-12-05,40.085,39.98,39.49,39.58,2368,419596
2019-12-06,41.31,41.23,40.48,40.49,3220,703992
2019-12-09,41.4,40.89,40.8,41.33,2272,562292
2019-12-10,40.68,40.07,39.95,40.68,2037,347016
2019-12-11,40.49,40.41,39.89,40.1,1487,741882
2019-12-12,41.35,41.24,40.23,40.44,2258,409964
2019-12-13,41.39,40.89,40.58,41.18,1994,511760
2019-12-16,41.5,40.9,40.875,41.32,2834,733401
2019-12-17,42.055,42.01,40.83,40.84,2982,555472
2019-12-18,42.27,42.14,41.6,41.87,2501,520610
2019-12-19,42.75,42.24,42.035,42.5,3171,611319
2019-12-20,42.85,42.48,42.37,42.54,2672,1876910
2019-12-23,43.29,43.18,42.6,42.6,2692,855132
2019-12-24,43.32,42.76,42.52,43.2,1223,199700
2019-12-26,42.99,42.97,42.56,42.76,1455,292511
2019-12-27,43.13,42.64,42.525,43.09,1769,365961
2019-12-30,42.78,42.6,42.4,42.63,1168,213142
2019-12-31,42.96,42.91,42.5,42.5,1735,435809
2020-01-02,44.38,43.45,42.95,44.28,4998,1246277
2020-01-03,43.21,42.68,42.68,42.81,3879,1074569
2020-01-06,42.84,42.03,41.85,42.83,4238,1369587
2020-01-07,41.9,41.56,41.39,41.82,3731,1078476
2020-01-08,42.07,41.74,41.37,41.72,2753,594371
2020-01-09,42.57,42.57,41.82,41.88,2441,505288
2020-01-10,42.73,42.16,42.09,42.53,2212,434308
2020-01-13,42.81,42.53,42.08,42.29,2123,382121
2020-01-14,42.96,42.56,42.33,42.41,2804,996339
2020-01-15,42.9,42.65,42.365,42.47,2614,463763
2020-01-16,43.45,43.44,42.78,42.88,2511,1341488
2020-01-17,43.88,43.68,43.25,43.65,2647,663135
2020-01-21,42.51,41.6,41.03,42.46,4502,865065
2020-01-22,42.23,41.66,41.55,41.75,3045,824309
2020-01-23,42.29,42.05,40.79,41.46,2985,925927
2020-01-24,41.88,40.94,40.6,41.88,2532,413722
2020-01-27,40.44,40.07,39.56,40.0,2810,478604
2020-01-28,40.79,40.5,40.07,40.41,2094,396854
2020-01-29,40.94,40.61,40.38,40.81,2679,478010
2020-01-30,40.7,40.02,38.55,40.4,4906,831546
2020-01-31,39.67,39.0,38.59,39.57,3703,1055610
2020-02-03,39.715,39.47,38.88,39.14,4248,789000
2020-02-04,40.24,39.7,39.45,40.13,3424,681791
2020-02-05,41.83,41.74,40.14,40.14,4118,959169
2020-02-06,41.87,41.67,41.25,41.84,2939,1224664
2020-02-07,41.56,41.22,41.13,41.31,2767,875983
2020-02-10,41.28,40.95,40.7,40.93,1792,360323
2020-02-11,42.1,41.98,41.13,41.14,2422,449327
2020-02-12,42.77,41.94,41.7,42.25,2741,534668
2020-02-13,41.32,40.75,40.5,41.28,2182,494722
2020-02-14,41.06,40.53,40.49,40.76,1896,361920
2020-02-18,40.94,40.92,40.02,40.21,2780,852941
2020-02-19,41.25,40.47,40.4,41.08,2096,346613
2020-02-20,41.11,40.55,40.12,40.23,2934,501260
2020-02-21,40.92,40.85,39.88,40.5,2543,622987
2020-02-24,38.8,37.57,37.49,38.78,4522,963246
2020-02-25,37.61,34.95,34.78,37.61,4824,896553
2020-02-26,35.88,34.86,34.85,35.34,4282,956811
2020-02-27,34.67,32.72,32.67,33.78,5938,1471636
2020-02-28,33.37,33.25,31.35,31.7,7836,1414834
2020-03-02,34.21,34.19,32.16,33.47,5414,1115308
2020-03-03,34.84,32.58,32.2,33.9,6793,1172299
2020-03-04,33.605,33.59,32.54,33.47,5498,873706
2020-03-05,32.59,31.26,31.06,32.45,4175,824694
2020-03-06,30.85,30.08,29.33,30.19,5849,1152987
2020-03-09,27.79,26.61,26.32,27.0,8918,1669302
2020-03-10,29.01,28.96,26.52,28.4,5314,1000684
2020-03-11,27.86,26.23,25.71,27.69,6868,1095364
2020-03-12,24.23,22.08,21.87,24.23,8757,1454419
2020-03-13,25.88,25.87,22.61,24.0,6899,1246042
2020-03-16,24.49,22.51,21.5,21.9,6628,1481219
2020-03-17,26.24,26.1,22.51,23.01,9031,1494687
2020-03-18,26.28,23.45,22.51,23.79,7026,1196426
2020-03-19,26.15,25.16,22.45,23.23,5284,724496
2020-03-20,26.27,25.52,24.5,26.27,5626,1953381
2020-03-23,26.73,24.81,24.54,25.0,7302,1081429
2020-03-24,27.75,26.24,25.09,26.9,6532,924210
2020-03-25,28.21,26.35,25.25,26.44,7936,1261635
2020-03-26,28.67,28.39,26.35,26.45,5426,789182
2020-03-27,28.77,27.89,26.87,27.28,5248,725242
2020-03-30,29.13,29.0,27.78,28.0,3743,476929
2020-03-31,29.29,28.26,28.02,28.73,3811,852180
2020-04-01,28.11,26.71,26.51,26.97,7008,1057526
2020-04-02,27.66,26.79,26.17,26.36,9234,1116716
2020-04-03,27.61,25.68,25.46,26.41,4978,980127
2020-04-06,29.26,28.97,27.02,27.13,6212,1232469
2020-04-07,30.72,28.94,28.88,30.31,7374,1455025
2020-04-08,30.95,30.69,29.05,29.29,4514,919210
2020-04-09,32.85,32.16,31.22,31.22,5954,936122
2020-04-13,32.52,32.44,30.79,32.0,3933,564467
2020-04-14,33.25,31.91,31.35,32.98,5154,616238
2020-04-15,30.74,30.31,29.57,30.74,4012,537420
2020-04-16,30.51,28.82,28.34,30.4,3474,775968
2020-04-17,30.88,30.69,29.75,29.75,2574,530135
2020-04-20,30.53,29.66,29.41,30.0,3229,517447
2020-04-21,29.68,29.07,28.705,28.79,2395,330629
2020-04-22,29.34,28.47,27.96,28.76,3538,775884
2020-04-23,29.43,28.88,28.6,28.84,3249,472465
2020-04-24,29.28,28.88,28.44,29.28,2378,492392
2020-04-27,30.66,30.49,29.06,29.06,2516,703200
2020-04-28,33.16,32.9,31.62,31.84,5484,778331
2020-04-29,34.57,34.15,33.5,33.5,3729,572148
2020-04-30,33.2,32.19,31.96,33.2,2922,704652
2020-05-01,31.58,30.84,30.45,31.58,2709,510701
2020-05-04,30.73,30.31,29.87,30.73,2785,517107
2020-05-05,28.02,25.06,24.76,28.0,8672,1733428
2020-05-06,25.72,24.7,24.415,25.18,5367,987161
2020-05-07,26.19,25.09,24.92,25.11,6249,867691
2020-05-08,27.125,27.0,25.5,25.6,3163,665369
2020-05-11,26.54,25.97,25.67,26.54,2275,428370
2020-05-12,26.18,25.2,25.17,25.69,2953,568360
2020-05-13,25.03,24.16,23.46,25.0,3769,697095
2020-05-14,25.24,25.23,23.25,23.84,3777,742234
2020-05-15,25.08,24.21,24.12,24.74,3101,795533
2020-05-18,26.07,25.88,25.07,25.12,3582,776395
2020-05-19,25.85,24.97,24.95,25.81,3220,489336
2020-05-20,25.84,25.43,25.25,25.52,3133,492988
2020-05-21,25.89,25.15,25.07,25.33,3009,428951
2020-05-22,25.43,25.35,24.99,25.17,2599,502310
2020-05-26,27.365,27.0,26.42,26.42,4892,1452075
2020-05-27,29.17,29.16,27.77,28.07,3815,919033
2020-05-28,29.38,28.87,28.08,29.38,2823,539045
2020-05-29,28.73,28.06,27.58,28.5,3200,1467704
2020-06-01,29.015,28.58,28.035,28.05,2860,484718
2020-06-02,29.08,28.36,28.28,28.82,3265,542223
2020-06-03,30.21,29.87,28.83,28.83,3356,791540
2020-06-04,30.69,30.69,29.37,29.66,2953,767670
2020-06-05,33.715,32.05,31.89,32.84,4281,727028
2020-06-08,33.29,33.0,32.12,32.19,2928,554430
2020-06-09,32.46,31.91,31.69,32.31,2948,557271
2020-06-10,31.77,30.38,30.34,31.54,3024,832837
2020-06-11,29.36,27.64,27.07,28.54,4315,677849
2020-06-12,29.29,28.21,27.19,29.04,4054,597951
2020-06-15,28.54,28.26,26.65,27.0,3666,781025
2020-06-16,29.97,28.93,28.35,29.76,3706,572864
2020-06-17,29.16,28.77,28.25,29.12,3323,861377
2020-06-18,28.9,28.35,28.13,28.35,3131,588066
2020-06-19,29.04,28.32,28.06,29.04,4561,2712244
2020-06-22,28.22,27.38,27.15,28.22,3026,726639
2020-06-23,27.92,27.47,27.38,27.67,2350,470532
2020-06-24,27.14,26.2,26.165,27.14,3738,792692
2020-06-25,26.67,26.61,25.44,25.93,2621,762564
2020-06-26,26.735,26.72,25.92,26.38,4194,1904748
2020-06-29,28.06,27.75,26.99,27.05,2727,434055
2020-06-30,28.46,28.26,27.07,27.49,2658,640993
2020-07-01,28.31,27.66,27.22,28.28,3755,835894
2020-07-02,28.37,28.2,27.91,28.12,3642,650740
2020-07-06,29.13,28.78,28.27,28.89,2683,576768
2020-07-07,28.45,28.06,27.84,28.3,2156,586529
2020-07-08,28.21,27.47,27.12,27.94,3042,737754
2020-07-09,27.32,26.22,26.07,27.32,3464,564194
2020-07-10,27.78,27.75,26.35,26.35,3048,812428
2020-07-13,28.43,27.85,27.6,28.0,2772,429126
2020-07-14,29.3,29.15,27.82,27.93,3991,599122
2020-07-15,30.37,30.15,29.36,29.85,4186,585504
2020-07-16,31.23,30.72,30.05,30.19,3892,576083
2020-07-17,30.87,29.97,29.85,30.87,2322,410895
2020-07-20,30.19,29.37,29.28,29.74,1933,345543
2020-07-21,30.01,29.72,29.48,29.48,1809,317414
2020-07-22,30.0,29.86,29.4,29.53,1978,345139
2020-07-23,30.33,30.15,29.57,29.76,1989,576153
2020-07-24,30.53,30.21,30.0,30.27,2177,387133
2020-07-27,30.34,30.21,29.66,30.14,2509,359438
2020-07-28,30.33,29.47,29.43,30.22,2926,414820
2020-07-29,30.27,30.26,29.38,29.62,2294,376717
2020-07-30,29.73,28.26,28.0,29.64,3586,643669
2020-07-31,28.2,26.86,26.565,28.2,4717,2277523
2020-08-03,28.14,27.82,26.94,27.03,3875,877181
2020-08-04,29.66,29.27,27.33,27.5,4740,1008332
2020-08-05,30.3,29.84,29.69,29.8,3013,710072
2020-08-06,30.25,29.49,29.47,29.88,2326,536060
2020-08-07,29.07,29.07,27.52,27.52,4029,841115
2020-08-10,30.68,30.65,29.29,29.31,2958,571919
2020-08-11,32.05,30.9,30.87,31.37,3779,1130459
2020-08-12,31.64,30.3,30.11,31.53,2368,353523
2020-08-13,30.03,29.69,29.45,29.6,2170,407180
2020-08-14,30.72,30.29,29.41,29.57,2804,503964
2020-08-17,30.515,29.76,29.69,30.42,1966,301190
2020-08-18,29.75,29.1,29.03,29.63,2147,338353
2020-08-19,29.89,29.25,29.15,29.41,1784,442178
2020-08-20,29.07,28.79,28.54,28.74,1769,388444
2020-08-21,28.91,28.46,28.15,28.7,2240,372330
2020-08-24,31.33,31.28,29.0,29.0,3878,763379
2020-08-25,31.74,30.59,30.15,31.45,2693,414788
2020-08-26,30.65,30.54,30.07,30.65,1677,326669
2020-08-27,31.2,30.84,30.6,30.61,2351,354140
2020-08-28,31.24,31.06,30.67,30.94,1506,293450
2020-08-31,31.01,30.33,30.31,31.01,2282,685238
2020-09-01,32.08,32.07,30.08,30.38,2697,767232
2020-09-02,32.78,32.68,31.55,32.05,3137,836438
2020-09-03,33.03,31.9,31.4,32.69,3598,661526
2020-09-04,32.92,32.54,31.74,32.49,4138,736952
2020-09-08,32.92,31.94,31.64,32.31,3303,508237
2020-09-09,32.99,32.4,32.22,32.36,2220,398510
2020-09-10,32.73,31.87,31.72,32.4,2981,484346
2020-09-11,32.62,32.5,31.72,32.03,2362,433588
2020-09-14,34.52,34.34,32.775,32.79,4347,907156
2020-09-15,35.96,35.95,34.5,34.53,3751,1063376
2020-09-16,37.07,36.35,35.38,36.14,3956,1194370
2020-09-17,38.5,37.64,35.1,35.73,7409,1919062
2020-09-18,39.23,36.21,35.9,37.43,7740,3286252
2020-09-21,35.7,35.19,34.56,35.36,4738,963091
2020-09-22,35.38,34.38,33.72,35.01,3278,758416
2020-09-23,34.58,32.83,32.81,34.42,3468,634286
2020-09-24,33.81,33.06,32.01,32.83,3427,568359
2020-09-25,36.26,35.81,32.58,32.61,5356,959400
2020-09-28,36.33,34.98,34.32,36.07,4241,951732
2020-09-29,35.01,34.25,33.825,35.01,2894,498672
2020-09-30,35.36,34.74,34.28,34.6,3162,629658
2020-10-01,35.35,34.06,33.81,35.0,3268,581291
2020-10-02,35.34,35.02,33.18,33.48,3097,639379
2020-10-05,36.99,36.77,35.6,35.63,4464,945817
2020-10-06,37.06,36.11,35.97,36.7,3690,707968
2020-10-07,37.87,37.19,36.7,36.91,3208,864628
2020-10-08,37.88,37.77,36.89,37.29,2274,445873
2020-10-09,38.54,37.8,37.44,38.2,2560,534048
2020-10-12,40.255,38.98,38.74,38.93,4045,728644
2020-10-13,38.86,37.92,37.71,38.59,2397,477613
2020-10-14,38.53,38.1,38.0,38.43,1900,372511
2020-10-15,39.7,39.64,37.45,37.55,3030,583658
2020-10-16,41.75,40.98,39.86,40.39,5699,1055119
2020-10-19,42.04,41.08,40.8,41.14,4614,957862
2020-10-20,41.64,40.12,39.64,41.42,3236,564964
2020-10-21,41.21,40.32,39.94,40.01,3644,658127
2020-10-22,40.65,40.4,40.03,40.25,2182,398314
2020-10-23,40.92,40.24,40.11,40.77,2038,422126
2020-10-26,39.44,38.71,38.2,38.5,4072,798282
2020-10-27,38.94,38.3,38.28,38.61,2824,452533
2020-10-28,38.0,36.73,36.68,37.53,3539,559788
2020-10-29,37.77,37.43,36.59,36.7,2775,498059
2020-10-30,37.75,37.55,36.84,37.23,2752,1119089
2020-11-02,39.42,39.11,38.02,38.25,3032,490486
2020-11-03,40.5,39.76,39.54,39.7,2912,405296
2020-11-04,39.71,38.51,37.6,39.12,3114,522650
2020-11-05,40.23,39.23,37.1,38.8,3139,561412
2020-11-06,39.56,39.02,38.65,39.5,1957,405069
2020-11-09,41.81,40.34,38.71,41.41,4420,800944
2020-11-10,41.82,41.73,40.01,40.1,3680,609776
2020-11-11,42.35,41.22,40.94,41.85,2863,504207
2020-11-12,40.51,38.94,38.47,40.51,3102,635173
2020-11-13,40.73,40.45,39.67,39.69,2437,582363
2020-11-16,43.22,42.55,41.5,41.8,4555,1072227
2020-11-17,44.02,43.61,42.03,42.33,5406,1158512
2020-11-18,44.65,43.78,42.99,43.5,4056,702505
2020-11-19,43.48,42.59,41.95,43.19,2666,422226
2020-11-20,42.66,42.21,41.75,42.59,2229,628734
2020-11-23,43.84,43.12,42.61,43.0,3036,524920
2020-11-24,45.58,45.43,43.59,43.86,3295,519785
2020-11-25,45.0,44.06,43.53,44.93,2556,382266
2020-11-27,44.14,44.06,43.58,43.88,1054,201649
2020-11-30,43.69,42.21,42.145,43.69,3816,1056536
2020-12-01,43.59,43.09,42.63,43.02,3033,601843
2020-12-02,43.5,43.47,42.35,42.75,2079,469970
2020-12-03,44.07,42.86,42.69,43.54,2801,554326
2020-12-04,44.76,44.48,43.55,43.81,2702,479114
2020-12-07,44.74,44.52,43.43,44.11,1825,375822
2020-12-08,45.21,45.11,44.09,44.09,1985,377138
2020-12-09,45.58,44.89,44.57,45.28,1793,462118
2020-12-10,44.57,43.91,43.82,44.35,2888,630199
2020-12-11,43.89,43.53,43.0,43.36,2393,643872
2020-12-14,44.7,43.02,43.01,44.3,2309,506379
2020-12-15,44.47,44.44,43.26,43.63,2469,536838
2020-12-16,45.06,44.25,44.23,44.63,2414,517268
2020-12-17,45.09,44.98,43.6,44.5,2854,515167
2020-12-18,44.87,44.62,43.92,44.86,3257,2710337
2020-12-21,44.22,44.02,43.06,43.71,2786,537075
2020-12-22,44.4,43.83,43.67,44.38,1621,403804
2020-12-23,45.11,44.45,44.26,44.26,1715,427472
2020-12-24,44.71,44.48,44.08,44.71,626,111781
2020-12-28,44.77,43.91,43.86,44.77,1207,230551
2020-12-29,44.11,43.07,42.81,44.11,2284,583437
2020-12-30,43.6,43.43,43.18,43.18,2491,453136
2020-12-31,43.7,43.53,42.8,43.26,2039,462725
2021-01-04,43.91,42.45,41.96,43.59,3430,529542
2021-01-05,43.81,43.51,42.62,42.84,3059,498806
2021-01-06,46.87,46.25,44.2,44.26,5443,856124
2021-01-07,46.92,45.83,45.72,46.43,2015,497888
2021-01-08,46.14,45.23,44.44,45.97,2362,515295
2021-01-11,46.83,46.45,44.51,44.68,2191,371332
2021-01-12,47.69,47.25,46.17,46.7,2589,758572
2021-01-13,47.75,46.94,46.2,47.51,3080,664876
2021-01-14,47.51,46.88,46.23,46.83,2235,665909
2021-01-15,46.38,45.68,45.5,46.22,2602,731956
2021-01-19,46.03,44.66,44.59,46.03,3567,621930
2021-01-20,45.66,45.5,44.58,45.31,2452,526500
2021-01-21,47.09,46.61,45.66,45.7,2472,529523
2021-01-22,46.88,46.67,45.6,46.07,1836,438793
2021-01-25,45.82,44.12,43.69,45.68,3604,832742
2021-01-26,45.04,43.84,43.79,44.77,2490,537154
2021-01-27,43.0,41.81,41.49,43.0,3805,659500
2021-01-28,43.26,40.7,40.6,42.7,4709,861552
2021-01-29,42.11,41.43,40.24,40.25,5991,1362283
2021-02-01,42.29,41.41,40.17,42.24,3586,616386
2021-02-02,42.52,41.89,41.21,41.77,2531,538808
2021-02-03,42.87,42.54,41.6,41.73,2393,423151
2021-02-04,42.51,41.42,41.11,42.51,2507,457347
2021-02-05,43.21,43.08,41.9,41.9,3575,813762
2021-02-08,43.6,42.72,42.46,43.28,3036,712275
2021-02-09,43.8,43.75,42.86,42.9,3833,799691
2021-02-10,43.87,43.68,42.9,43.82,3253,635453
2021-02-11,43.79,43.09,42.54,43.5,2530,766063
2021-02-12,44.29,44.24,42.93,42.93,2215,456716
2021-02-16,44.57,43.76,43.62,44.33,2431,470618
2021-02-17,44.06,44.0,43.0,43.59,1952,356970
2021-02-18,44.09,42.94,42.93,43.61,2576,494487
2021-02-19,43.95,43.95,42.92,43.12,3004,754546
2021-02-22,44.44,43.84,43.29,43.64,3167,500457
2021-02-23,45.23,45.1,43.84,44.29,3514,608318
2021-02-24,45.35,44.87,44.62,45.21,2821,499211
2021-02-25,45.65,44.21,43.98,45.0,3382,557843
2021-02-26,44.25,43.59,43.11,43.7,3922,841716
2021-03-01,46.19,46.17,44.36,44.36,3338,749816
2021-03-02,47.67,46.77,45.98,46.08,5411,997874
2021-03-03,48.88,47.91,46.68,46.93,3114,655341
2021-03-04,48.54,48.39,46.98,47.91,6350,1151393
2021-03-05,50.93,50.68,48.88,48.88,7562,1297828
2021-03-08,53.98,53.18,51.27,51.33,5389,956713
2021-03-09,53.42,52.95,51.83,52.53,4864,917948
2021-03-10,53.41,52.71,52.59,53.25,4119,985723
2021-03-11,52.63,51.39,50.9,52.5,5612,1349516
2021-03-12,52.345,51.57,51.27,51.93,3121,665068
2021-03-15,51.27,51.07,49.89,51.27,3175,663981
2021-03-16,50.77,50.58,49.65,50.42,3474,601252
2021-03-17,52.06,52.05,50.09,50.23,3585,824067
2021-03-18,53.03,52.25,51.65,52.24,3526,591902
2021-03-19,52.54,51.79,51.12,51.9,4130,3514428
2021-03-22,50.81,50.26,48.92,50.44,3535,755692
2021-03-23,50.72,48.33,48.17,50.0,3346,705558
2021-03-24,50.52,49.42,48.72,48.72,4077,714911
2021-03-25,51.89,51.86,49.49,49.57,4136,731089
2021-03-26,53.64,53.58,52.16,52.47,5095,845421
2021-03-29,54.4,52.92,52.7,53.0,3936,605105
2021-03-30,53.35,53.22,52.54,52.89,2841,500244
2021-03-31,53.5,52.05,52.01,53.05,2411,718944
2021-04-01,52.38,52.19,51.53,52.07,2216,343095
2021-04-05,53.16,52.87,52.345,52.84,2135,550908
2021-04-06,53.66,53.63,52.59,52.59,1705,473159
2021-04-07,54.04,52.79,52.62,53.8,2151,405764
2021-04-08,53.08,52.75,51.88,52.29,3196,732302
2021-04-09,53.18,52.8,52.36,53.12,2769,576345
2021-04-12,54.32,54.29,52.98,53.02,3184,584976
2021-04-13,54.29,52.44,52.22,54.05,2120,423893
2021-04-14,53.26,53.2,52.24,52.24,2121,433780
2021-04-15,54.18,53.62,52.71,53.45,3099,606612
2021-04-16,54.82,54.63,53.78,54.22,3760,709917
2021-04-19,54.94,54.17,53.26,54.94,2763,531740
2021-04-20,54.54,53.39,52.52,54.08,3904,622613
2021-04-21,54.0,53.7,53.21,53.38,2978,525426
2021-04-22,53.68,52.5,52.47,53.68,2983,666507
2021-04-23,53.34,53.3,52.27,52.9,3289,780563
2021-04-26,53.93,53.59,53.3,53.66,2369,385055
2021-04-27,54.77,54.52,53.28,53.28,2639,544403
2021-04-28,55.5,54.9,54.82,54.99,2566,459470
2021-04-29,56.38,56.05,55.5,55.53,4280,678962
2021-04-30,56.0,55.75,55.2,55.66,1980,494513
2021-05-03,57.72,57.37,56.23,56.3,3671,561831
2021-05-04,58.36,57.83,57.14,57.55,3471,581904
2021-05-05,59.2,58.33,54.8,55.15,5071,905899
2021-05-06,60.17,60.13,58.18,58.9,4718,668484
2021-05-07,60.33,59.74,59.17,59.38,3048,501134
2021-05-10,60.54,59.68,59.59,60.39,4948,1019709
2021-05-11,60.81,60.72,59.07,59.45,4603,634736
2021-05-12,60.74,58.43,58.29,60.65,4994,651004
2021-05-13,60.49,60.45,58.12,58.12,3895,532606
2021-05-14,61.1,60.57,60.48,60.65,3239,416182
2021-05-17,62.01,61.81,60.29,60.7,2752,422385
2021-05-18,61.46,59.72,59.7,61.46,2845,401211
2021-05-19,59.1,58.45,58.0,59.1,4612,658550
2021-05-20,58.37,57.84,57.46,58.15,3462,802296
2021-05-21,58.5,57.94,57.53,58.04,4708,1207936
2021-05-24,58.78,58.26,58.21,58.74,2461,298467
2021-05-25,58.45,57.5,57.29,58.25,3032,403591
2021-05-26,57.82,57.49,56.76,57.39,2225,397820
2021-05-27,58.56,58.06,57.525,58.09,3830,1995782
2021-05-28,58.41,58.32,57.49,58.02,2453,455807
2021-06-01,59.61,59.45,58.69,59.1,2390,422263
2021-06-02,59.77,58.77,58.62,59.77,2456,421169
2021-06-03,58.95,58.82,58.09,58.56,2438,369104
2021-06-04,59.56,58.97,58.64,59.05,2042,439535
2021-06-07,59.04,57.9,57.7,59.04,2719,508398
2021-06-08,58.48,58.22,56.79,57.69,2773,451346
2021-06-09,58.06,56.92,56.9,58.06,4123,587085
2021-06-10,57.8,56.15,56.06,57.62,3353,671996
2021-06-11,57.55,57.34,56.24,56.59,3310,796334
2021-06-14,57.655,55.27,54.9,57.09,3912,579157
2021-06-15,56.7,56.45,55.51,55.88,3399,580367
2021-06-16,56.36,55.26,55.075,56.03,3407,553505
2021-06-17,55.57,52.78,52.19,55.48,4625,815350
2021-06-18,52.77,52.03,51.42,51.56,4525,1615245
2021-06-21,54.07,53.84,53.42,53.6,3034,475141
2021-06-22,54.02,53.6,53.05,53.82,2306,361741
2021-06-23,53.84,53.16,53.15,53.7,1477,318748
2021-06-24,53.69,53.36,53.08,53.56,1844,291850
2021-06-25,54.18,53.28,53.21,53.56,2158,687845
2021-06-28,53.35,52.97,52.27,53.35,2511,467754
2021-06-29,53.93,52.57,52.37,53.35,1968,292509
2021-06-30,53.25,53.22,52.18,52.45,2109,442338
2021-07-01,53.89,53.34,53.13,53.68,1676,238281
2021-07-02,53.27,52.7,52.06,53.27,2020,377491
2021-07-06,52.6,51.28,50.5,52.6,2736,727803
2021-07-07,52.41,52.23,50.77,50.77,3217,547732
2021-07-08,52.23,51.73,50.72,51.3,2356,531187
2021-07-09,53.46,52.87,52.48,52.81,2122,537693
2021-07-12,52.87,52.8,51.13,51.45,2086,387249
2021-07-13,53.0,51.58,51.47,52.94,2344,347302
2021-07-14,52.1,51.26,51.13,51.53,2703,441162
2021-07-15,50.92,50.29,49.8,50.78,3144,795374
2021-07-16,50.85,49.01,48.885,50.85,4071,673693
2021-07-19,48.61,47.99,47.4,48.18,2793,435210
2021-07-20,49.14,48.5,48.07,48.07,2731,592291
2021-07-21,49.54,48.75,48.73,49.16,2283,389338
2021-07-22,48.75,47.96,47.84,48.75,1614,256237
2021-07-23,48.3,48.17,47.61,48.23,1887,315539
2021-07-26,49.24,49.22,48.41,48.41,2258,405787
2021-07-27,49.71,49.71,47.86,48.84,3931,661273
2021-07-28,50.21,49.76,49.41,49.67,2905,449681
2021-07-29,50.25,49.49,49.4,50.13,2416,388842
2021-07-30,49.86,49.21,48.74,49.26,2199,414399
2021-08-02,50.23,48.63,48.6,49.39,2143,292798
2021-08-03,49.79,49.73,47.66,48.64,2630,429206
2021-08-04,49.69,48.74,48.59,49.37,3165,648716
2021-08-05,50.22,48.45,48.26,48.41,3648,634711
2021-08-06,49.28,48.81,48.15,48.47,2867,496502
2021-08-09,49.56,49.4,48.4,48.7,2539,666673
2021-08-10,51.34,51.05,49.26,49.26,2736,877144
2021-08-11,52.43,52.14,50.82,51.24,4751,775074
2021-08-12,52.01,51.71,51.19,51.97,2407,362527
2021-08-13,51.62,51.22,51.04,51.6,1844,298707
2021-08-16,51.57,51.23,50.35,50.97,2467,751294
2021-08-17,50.91,50.25,49.73,50.72,2645,429465
2021-08-18,50.72,49.68,49.61,49.93,3421,478242
2021-08-19,49.71,48.79,48.58,49.2,3304,422092
2021-08-20,49.76,49.43,48.71,48.72,2114,308854
2021-08-23,49.97,49.62,48.92,49.84,2163,349548
2021-08-24,51.12,50.72,49.66,49.93,2123,598185
2021-08-25,51.57,51.24,50.51,50.69,1599,285588
2021-08-26,51.27,50.48,50.43,51.23,1957,252149
2021-08-27,52.12,51.95,50.74,50.74,2527,454653
2021-08-30,52.456,51.3,51.3,52.15,2088,276519
2021-08-31,52.145,52.04,51.24,51.3,2906,635801
2021-09-01,52.26,51.75,51.44,52.26,2390,371702
2021-09-02,52.55,52.52,51.85,51.88,2412,402410
2021-09-03,53.11,52.6,52.49,52.52,3034,796207
2021-09-07,52.57,51.47,51.33,52.57,2833,437780
2021-09-08,51.72,51.43,51.04,51.15,1723,281276
2021-09-09,52.0,51.78,51.31,51.41,2155,372481
2021-09-10,52.6,51.87,51.78,52.2,2665,420685
2021-09-13,52.54,51.63,51.49,52.3,2487,539904
2021-09-14,51.68,50.56,50.22,51.68,2848,415250
2021-09-15,51.23,50.91,50.45,50.45,2675,481660
2021-09-16,51.16,50.65,50.53,50.93,3217,839847
2021-09-17,50.76,49.71,49.45,50.6,3098,1459197
2021-09-20,48.88,48.66,47.89,48.46,3389,565490
2021-09-21,49.24,48.19,48.12,48.97,2248,368407
2021-09-22,49.4,48.85,48.41,48.6,2772,412755
2021-09-23,50.45,50.21,49.25,49.25,1746,290507
2021-09-24,50.91,50.45,49.99,50.1,2145,350338
2021-09-27,52.26,51.72,50.58,50.58,2449,354582
2021-09-28,52.4,51.98,51.71,52.24,3097,455011
2021-09-29,52.52,51.88,51.86,52.03,2499,405435
2021-09-30,52.18,49.83,49.7,52.02,4099,788151
2021-10-01,51.18,50.93,49.63,49.94,3429,601151
2021-10-04,51.72,51.27,50.49,50.83,3734,698282
2021-10-05,51.96,51.63,50.76,51.33,2363,349919
2021-10-06,51.62,50.59,49.57,51.19,3126,525561
2021-10-07,51.62,50.92,50.815,51.16,3759,499500
2021-10-08,51.16,50.28,50.21,50.88,2221,369745
2021-10-11,51.68,51.2,50.33,50.42,2277,422863
2021-10-12,51.98,51.24,50.92,51.04,2275,369858
2021-10-13,51.36,49.86,48.65,51.32,2823,432828
2021-10-14,50.3,49.32,49.18,50.17,3593,794822
2021-10-15,49.49,46.57,46.52,49.49,4575,909493
2021-10-18,48.26,47.76,46.5,46.75,3997,838156
2021-10-19,48.23,48.2,47.45,47.63,2310,379473
2021-10-20,49.07,48.97,47.91,48.01,2074,430912
2021-10-21,49.09,48.58,48.12,48.76,1830,274185
2021-10-22,49.46,48.59,48.46,48.93,1710,284477
2021-10-25,49.22,48.57,48.27,48.61,2417,467605
2021-10-26,49.58,48.97,48.34,48.79,2749,382006
2021-10-27,48.65,47.7,47.15,48.63,3262,448657
2021-10-28,49.0,48.94,47.89,48.24,2849,472884
2021-10-29,49.38,48.1,47.985,48.9,2235,588410
2021-11-01,48.3,47.79,46.54,46.54,3157,593538
2021-11-02,48.05,47.14,46.95,48.04,2316,591155
2021-11-03,48.84,48.42,47.08,47.08,3582,1200981
2021-11-04,48.81,47.97,47.71,48.16,2959,406437
2021-11-05,49.84,48.76,48.37,48.46,3042,516363
2021-11-08,49.79,49.12,48.8,49.02,2698,582678
2021-11-09,49.37,48.42,47.78,47.9,2805,961452
2021-11-10,49.76,49.03,48.06,48.06,3156,541064
2021-11-11,49.94,49.69,48.87,49.04,2974,469037
2021-11-12,49.84,49.0,48.96,49.62,1661,342940
2021-11-15,49.48,49.13,48.43,49.1,4164,607413
2021-11-16,49.97,49.19,49.17,49.28,2712,551461
2021-11-17,49.4,49.01,48.6,48.86,3873,670705
2021-11-18,49.27,48.0,47.84,49.11,2892,460389
2021-11-19,47.35,46.77,46.57,47.35,3297,630613
2021-11-22,48.5,48.14,46.86,46.95,2444,426524
2021-11-23,48.69,47.99,47.85,48.38,2485,323780
2021-11-24,47.91,46.84,46.79,47.7,1917,320626
2021-11-26,46.5,46.34,44.48,45.27,2228,393335
2021-11-29,47.0,46.12,45.91,46.94,2529,502792
2021-11-30,45.4,43.39,43.32,45.38,4755,1703008
2021-12-01,45.48,43.52,43.5,44.52,4036,685728
2021-12-02,45.27,44.97,43.89,44.02,2618,506764
2021-12-03,46.125,44.76,44.53,44.74,4105,733029
2021-12-06,46.61,45.48,45.33,45.68,3278,879716
2021-12-07,45.89,45.19,45.07,45.87,3828,823797
2021-12-08,45.91,44.58,44.085,45.32,3500,664538
2021-12-09,44.59,44.04,43.88,44.55,2476,435664
2021-12-10,44.52,43.62,43.36,44.52,2573,457620
2021-12-13,43.7,43.02,42.83,43.7,2336,478638
2021-12-14,43.94,43.31,43.055,43.1,3253,716357
2021-12-15,43.6,43.56,42.92,43.49,2704,556015
2021-12-16,45.46,45.02,44.07,44.07,3157,592550
2021-12-17,45.23,43.94,43.83,45.09,3381,2501557
2021-12-20,43.16,42.48,41.86,42.97,3389,751641
2021-12-21,43.51,43.32,42.78,43.0,2414,648036
2021-12-22,43.35,42.86,42.76,43.2,2299,375357
2021-12-23,43.45,43.0,42.94,43.1,1943,426913
2021-12-27,43.77,43.76,42.96,43.0,1697,335778
2021-12-28,44.32,44.19,43.76,43.76,1570,297854
2021-12-29,44.59,44.28,44.1,44.19,1223,235396
2021-12-30,44.95,44.22,44.12,44.44,1504,291534
2021-12-31,44.4,44.36,44.04,44.04,1626,344072
2022-01-03,45.11,44.19,44.12,44.64,2193,403452
2022-01-04,46.51,45.77,44.53,44.53,3162,576934
2022-01-05,47.07,46.18,45.93,45.93,4416,1276773
2022-01-06,47.34,46.13,45.97,46.87,3121,631883
2022-01-07,47.11,46.94,46.24,46.25,3217,719572
2022-01-10,47.66,45.58,45.16,47.13,3056,543153
2022-01-11,46.08,45.94,45.29,45.97,3568,815191
2022-01-12,46.42,46.0,45.63,46.15,3665,584641
2022-01-13,47.5,47.25,46.11,46.25,4238,591435
2022-01-14,46.97,46.91,46.36,46.81,4279,909221
2022-01-18,46.67,45.73,45.31,46.45,2396,580497
2022-01-19,46.63,46.27,45.66,46.0,2668,640363
2022-01-20,46.43,45.24,44.44,45.25,4542,862445
2022-01-21,45.44,43.88,43.68,45.23,4085,883208
2022-01-24,45.1,44.99,42.31,42.78,5274,964858
2022-01-25,44.71,44.1,43.26,44.2,3701,740664
2022-01-26,45.09,43.39,43.01,44.36,3510,508487
2022-01-27,45.18,43.86,43.47,43.9,4557,698353
2022-01-28,44.51,44.42,43.16,43.73,3275,557872
2022-01-31,46.33,46.16,44.04,44.09,4008,816694
2022-02-01,46.91,46.32,45.95,46.23,3012,622806
2022-02-02,46.1,45.86,45.29,45.96,3503,733186
2022-02-03,46.66,46.13,44.95,45.36,4512,692932
2022-02-04,46.4,45.37,45.13,46.01,3608,805939
2022-02-07,45.97,45.29,45.07,45.75,3267,697609
2022-02-08,47.17,47.12,45.62,45.85,3537,749956
2022-02-09,47.98,47.4,47.31,47.5,2296,534078
2022-02-10,47.9,46.67,46.46,47.1,3209,646352
2022-02-11,47.12,46.46,46.19,46.43,3133,688815
2022-02-14,46.68,45.79,45.51,46.51,3647,702713
2022-02-15,47.76,47.44,46.06,46.25,3407,619463
2022-02-16,47.91,47.16,46.94,47.28,2651,499214
2022-02-17,47.34,46.51,46.095,46.9,2885,1122810
2022-02-18,47.28,46.65,46.43,46.6,3385,724915
2022-02-22,47.17,46.47,46.09,46.68,3782,648619
2022-02-23,46.93,45.02,44.73,46.69,4583,932123
2022-02-24,44.67,44.51,43.22,43.78,4952,916075
2022-02-25,46.5,46.24,44.76,44.76,3065,582417
2022-02-28,45.33,45.27,44.41,45.05,4268,1207833
2022-03-01,45.08,43.39,43.15,45.0,4758,912478
2022-03-02,44.58,43.98,43.77,43.78,4887,1012514
2022-03-03,44.71,44.33,43.87,44.47,3014,697412
2022-03-04,44.0,43.71,43.14,43.32,4012,700366
2022-03-07,43.8,41.51,41.25,43.75,6124,1041142
2022-03-08,42.26,40.78,40.78,41.91,4944,945205
2022-03-09,42.79,42.49,41.6,42.02,3873,743927
2022-03-10,43.53,42.61,41.77,41.99,3688,585508
2022-03-11,43.64,43.3,42.89,43.05,3538,575842
2022-03-14,45.855,45.71,44.0,44.0,5552,1251068
2022-03-15,46.43,46.04,45.21,45.97,4458,864344
2022-03-16,47.88,47.34,46.35,46.35,4602,796344
2022-03-17,47.82,47.82,46.59,47.0,4364,857432
2022-03-18,47.915,47.58,46.68,47.57,4604,3748147
2022-03-21,47.85,46.91,46.52,47.51,4234,873864
2022-03-22,48.54,47.34,46.9,47.66,4287,824801
2022-03-23,47.19,46.12,46.09,46.99,3314,653760
2022-03-24,47.46,47.12,46.24,46.53,3745,721047
2022-03-25,48.07,47.96,47.17,47.22,2906,428180
2022-03-28,47.85,47.51,47.03,47.84,2922,626169
2022-03-29,48.36,47.99,47.65,48.01,2459,449116
2022-03-30,48.15,47.34,47.295,47.86,2437,597216
2022-03-31,47.88,47.03,47.03,47.17,2869,853688
2022-04-01,47.76,47.19,46.34,47.6,2254,428514
2022-04-04,47.15,47.1,46.04,47.14,2892,562140
2022-04-05,47.57,46.76,46.675,46.83,3462,882747
2022-04-06,46.82,46.61,45.88,46.5,3538,707662
2022-04-07,46.59,46.3,45.57,46.39,3160,645404
2022-04-08,47.46,47.18,46.44,46.79,3119,645789
2022-04-11,48.53,47.6,47.17,47.43,3125,575256
2022-04-12,48.5,47.88,47.53,47.53,2479,481287
2022-04-13,49.525,49.48,47.82,47.82,4100,800190
2022-04-14,50.43,49.93,49.66,49.66,3346,618976
2022-04-18,51.0,50.29,50.03,50.1,3195,548187
2022-04-19,51.49,51.32,50.49,50.56,2915,486912
2022-04-20,52.65,52.2,51.72,51.78,3953,639430
2022-04-21,52.76,52.2,51.91,52.46,2944,484894
2022-04-22,52.14,50.42,50.37,51.91,3458,650060
2022-04-25,49.96,49.74,48.12,49.9,4469,646676
2022-04-26,50.02,48.84,48.67,49.59,3971,612532
2022-04-27,49.9,49.33,48.76,49.02,4213,683817
2022-04-28,50.09,49.98,48.71,49.97,4417,658254
2022-04-29,50.52,49.53,49.35,50.07,3668,861193
2022-05-02,50.46,49.99,49.12,49.9,5835,815254
2022-05-03,51.61,51.17,50.19,50.19,5468,820682
2022-05-04,52.8,52.76,51.29,51.47,5097,771634
2022-05-05,54.78,54.19,53.15,53.6,7242,944842
2022-05-06,54.15,53.4,52.73,54.03,5840,923048
2022-05-09,53.62,51.31,51.11,53.03,6055,984520
2022-05-10,52.22,51.33,50.16,51.64,5501,904400
2022-05-11,52.56,50.26,50.23,51.19,5385,1072767
2022-05-12,50.27,47.46,46.33,50.27,8024,1162887
2022-05-13,48.18,46.21,46.2,47.65,8483,1563406
2022-05-16,46.65,46.31,45.35,46.27,5352,838962
2022-05-17,48.31,48.13,46.94,47.4,4495,750746
2022-05-18,47.69,45.25,45.1,47.68,6002,1051516
2022-05-19,45.4,44.89,44.11,44.75,6084,869296
2022-05-20,45.61,44.16,43.41,45.43,4538,839865
2022-05-23,45.87,45.66,44.63,44.83,4199,760446
2022-05-24,45.56,45.24,43.87,45.21,3818,679843
2022-05-25,46.27,46.1,45.04,45.04,5625,833188
2022-05-26,47.62,47.4,46.55,46.55,2838,406102
2022-05-27,49.04,49.04,47.82,47.86,3134,670413
2022-05-31,49.26,48.49,47.96,48.42,4931,2666504
2022-06-01,48.72,48.14,47.26,48.47,4790,883900
2022-06-02,49.52,49.44,47.93,48.71,6337,962332
2022-06-03,49.58,49.27,48.94,49.25,4253,1102579
2022-06-06,49.69,48.59,48.36,49.59,3476,603293
2022-06-07,49.74,49.55,48.3,48.34,2741,590222
2022-06-08,49.35,48.61,48.52,48.61,2676,423597
2022-06-09,48.59,47.31,47.3,48.59,3560,430588
2022-06-10,46.3,45.12,45.03,46.28,4257,721736
2022-06-13,44.03,42.22,41.94,43.91,5330,782296
2022-06-14,43.15,42.77,42.11,42.16,5315,749126
2022-06-15,43.83,43.4,42.62,43.39,5580,756965
2022-06-16,42.37,41.29,40.54,42.32,6442,1093971
2022-06-17,41.71,41.1,40.32,41.43,6414,2748700
2022-06-21,41.1,40.16,39.9,40.82,4489,873714
2022-06-22,39.93,39.29,38.78,39.52,6221,1506783
2022-06-23,39.5,38.87,38.4,39.2,4623,876934
2022-06-24,40.67,40.64,39.05,39.14,4124,1300347
2022-06-27,41.31,40.99,40.59,40.88,3898,647265
2022-06-28,41.83,40.32,40.28,41.38,2991,542082
2022-06-29,40.45,40.21,39.76,40.45,2366,395678
2022-06-30,40.22,39.84,39.06,39.56,3591,1002318
2022-07-01,40.3,40.13,38.84,39.27,3468,638970
2022-07-05,39.76,39.75,38.52,39.33,3475,803454
2022-07-06,40.43,40.26,39.35,39.72,3710,862882
2022-07-07,41.39,41.03,40.71,40.87,2908,669246
2022-07-08,41.25,40.35,40.2,41.18,2222,395334
2022-07-11,40.4,40.07,39.61,40.0,2844,564412
2022-07-12,40.86,40.5,39.92,39.92,3315,672833
2022-07-13,40.04,39.45,39.12,39.89,2962,600252
2022-07-14,39.07,38.94,38.32,38.46,3432,561311
2022-07-15,39.74,39.39,38.86,39.61,1834,392401
2022-07-18,40.1,39.05,38.88,39.87,2335,573114
2022-07-19,40.67,40.4,39.66,39.78,2587,580826
2022-07-20,41.08,41.0,40.21,40.21,2544,444169
2022-07-21,41.52,41.48,40.62,40.79,2710,437796
2022-07-22,41.78,41.33,41.09,41.61,2223,310509
2022-07-25,41.82,41.66,41.07,41.41,2357,394754
2022-07-26,41.47,40.71,40.43,41.47,2266,399464
2022-07-27,41.93,41.75,40.61,40.95,3855,586502
2022-07-28,42.39,42.15,41.38,42.01,3090,679466
2022-07-29,42.71,42.36,42.21,42.31,2089,504518
2022-08-01,42.49,42.18,41.85,42.12,2457,396480
2022-08-02,42.46,41.78,41.38,41.91,2486,471002
2022-08-03,42.39,42.07,41.64,42.22,4242,845982
2022-08-04,41.52,40.41,40.21,41.52,3630,731408
2022-08-05,40.7,40.19,39.95,40.1,3261,449244
2022-08-08,41.41,40.67,40.65,40.72,2608,474831
2022-08-09,41.26,40.86,40.49,41.26,2859,936241
2022-08-10,42.5,41.67,41.57,41.78,3250,555133
2022-08-11,42.33,41.97,41.53,41.98,2761,372101
2022-08-12,42.93,42.86,42.17,42.3,2292,445971
2022-08-15,42.4,42.31,41.76,42.3,2991,419256
2022-08-16,43.14,42.96,42.04,42.21,2683,340055
2022-08-17,42.47,42.07,41.78,42.4,3332,443142
2022-08-18,42.715,42.61,41.75,42.17,3094,527516
2022-08-19,42.58,41.59,41.52,42.42,2874,404326
2022-08-22,40.94,40.66,40.3,40.77,2897,404435
2022-08-23,41.51,41.44,40.89,40.9,3527,552350
2022-08-24,41.49,41.19,40.9,41.4,2260,404120
2022-08-25,43.18,43.14,41.31,41.54,3812,641919
2022-08-26,43.35,41.22,41.2,43.3,3879,597808
2022-08-29,41.64,41.26,40.86,40.97,2840,401568
2022-08-30,41.62,41.46,40.57,41.4,3241,551666
2022-08-31,41.76,40.59,40.55,41.67,3079,775914
2022-09-01,40.44,39.79,39.4,40.44,3832,590640
2022-09-02,40.76,39.64,39.37,40.15,4177,621830
2022-09-06,39.91,39.47,39.28,39.8,3587,448983
2022-09-07,40.49,40.45,39.33,39.62,3309,444254
2022-09-08,40.67,40.49,39.28,39.91,3392,429025
2022-09-09,41.0,40.81,40.54,40.92,3212,457503
2022-09-12,41.76,41.41,40.95,41.18,3679,528856
2022-09-13,40.5,39.33,39.18,40.5,3450,483917
2022-09-14,39.33,38.38,38.02,39.33,4146,603944
2022-09-15,39.01,38.58,38.29,38.35,4153,581516
2022-09-16,36.8,34.15,34.02,36.74,7304,2389272
2022-09-19,36.03,36.02,34.06,34.25,4703,935476
2022-09-20,35.27,34.4,33.92,35.23,4141,800384
2022-09-21,35.18,33.61,33.59,34.65,4908,777628
2022-09-22,33.79,32.83,32.68,33.65,4691,815300
2022-09-23,32.27,32.1,31.5,32.2,5245,894881
2022-09-26,32.26,31.57,31.1,32.09,4742,809270
2022-09-27,32.28,31.51,31.03,31.95,6169,1028841
2022-09-28,32.59,32.4,31.74,31.94,3665,605883
2022-09-29,31.7,31.38,30.84,31.52,4801,946653
2022-09-30,31.9,30.89,30.78,31.24,5075,1276990
2022-10-03,32.33,31.92,31.19,31.35,4248,921386
2022-10-04,33.08,33.05,32.5,32.59,3785,1253691
2022-10-05,33.04,32.74,32.1,32.39,3504,845972
2022-10-06,32.82,32.04,31.96,32.31,3496,823826
2022-10-07,31.72,31.35,31.15,31.55,3147,606990
2022-10-10,31.78,31.37,31.1,31.74,3239,549678
2022-10-11,31.76,31.41,30.72,30.98,3516,787109
2022-10-12,31.91,31.18,31.08,31.44,2707,766235
2022-10-13,32.22,32.09,30.1,30.6,4319,713695
2022-10-14,32.625,31.65,31.585,32.34,3260,522770
2022-10-17,32.91,32.38,32.13,32.42,2638,552063
2022-10-18,33.41,33.22,32.82,33.08,3847,653835
2022-10-19,33.12,32.47,32.23,32.95,2896,489436
2022-10-20,32.96,31.99,31.79,32.62,2790,436214
2022-10-21,32.975,32.86,32.03,32.12,3265,1181977
2022-10-24,33.39,33.1,32.81,33.1,2888,556880
2022-10-25,33.605,33.48,31.9,32.45,3957,731740
2022-10-26,34.04,33.35,33.13,33.74,3471,538128
2022-10-27,34.31,33.7,33.21,33.5,4331,705179
2022-10-28,34.43,34.27,33.615,33.8,2889,566959
2022-10-31,34.27,34.06,33.82,33.9,3772,742470
2022-11-01,34.75,34.05,33.34,34.61,3232,608081
2022-11-02,34.69,33.57,33.52,33.89,5507,1047631
2022-11-03,33.81,33.44,33.0,33.27,3283,642991
2022-11-04,34.69,34.62,33.98,34.08,3453,678142
2022-11-07,35.08,35.07,34.43,35.03,2396,495525
2022-11-08,35.68,35.36,35.07,35.31,4147,1539826
2022-11-09,35.24,34.54,34.43,34.8,4116,769458
2022-11-10,37.48,36.95,34.88,35.75,6304,981165
2022-11-11,38.26,37.66,36.82,37.09,4905,944592
2022-11-14,38.25,37.05,37.02,37.41,3831,713099
2022-11-15,38.03,36.62,36.34,37.55,5299,1324224
2022-11-16,36.74,36.24,36.13,36.42,3345,674171
2022-11-17,36.12,36.1,35.17,35.58,3174,613201
2022-11-18,36.72,36.51,36.05,36.68,2929,650221
2022-11-21,37.1,37.03,36.26,36.44,3236,489182
2022-11-22,37.62,37.54,37.17,37.32,2348,436045
2022-11-23,37.63,37.62,37.225,37.53,1912,290243
2022-11-25,37.73,37.51,37.4,37.6,1014,153123
2022-11-28,37.17,36.22,36.07,37.04,3179,607363
2022-11-29,36.745,36.72,36.21,36.29,2792,534238
2022-11-30,37.96,37.92,36.0,36.5,3529,1292798
2022-12-01,38.44,38.02,37.72,38.17,3865,588935
2022-12-02,37.99,37.85,37.45,37.65,2565,441220
2022-12-05,37.46,36.65,36.47,37.46,2791,487780
2022-12-06,36.93,36.45,36.1,36.65,2869,791381
2022-12-07,36.52,35.94,35.775,36.2,3588,735911
2022-12-08,36.435,36.0,35.88,36.32,3107,531763
2022-12-09,36.34,35.88,35.8,35.83,2627,379482
2022-12-12,36.75,36.65,35.91,36.2,3725,705973
2022-12-13,37.98,36.89,36.67,37.85,3916,766135
2022-12-14,37.43,36.78,36.48,36.75,3609,605182
2022-12-15,36.18,35.79,35.58,36.02,3730,1220700
2022-12-16,35.59,35.07,34.67,35.5,4712,2787914
2022-12-19,35.31,34.8,34.53,35.12,2535,488605
2022-12-20,35.08,34.78,34.585,34.82,2811,499356
2022-12-21,35.31,35.25,34.78,35.05,2669,498690
2022-12-22,34.94,34.83,34.135,34.94,2637,429826
2022-12-23,35.46,35.46,34.68,34.85,1986,372626
2022-12-27,35.85,35.6,35.29,35.49,1706,312318
2022-12-28,35.81,34.89,34.86,35.67,1952,322000
2022-12-29,35.515,35.29,35.08,35.08,1581,285605
2022-12-30,35.17,35.16,34.78,34.99,1855,471886
2023-01-03,35.61,35.48,35.03,35.3,2466,467330
2023-01-04,36.55,36.38,35.82,35.84,2671,598381
2023-01-05,35.95,35.39,35.265,35.95,2430,508528
2023-01-06,36.885,36.73,35.58,35.8,2359,531463
2023-01-09,37.81,36.65,36.495,36.95,2619,1414962
2023-01-10,36.77,36.71,35.98,36.55,2984,658351
2023-01-11,36.95,36.9,36.55,36.92,1994,469197
2023-01-12,37.53,37.38,36.79,37.17,1924,460375
2023-01-13,37.58,37.57,36.865,36.98,1534,275226
2023-01-17,37.75,37.1,36.79,37.61,1912,574020
2023-01-18,37.32,36.37,36.35,37.23,1808,408893
2023-01-19,36.54,36.45,35.84,36.0,2385,536865
2023-01-20,37.2,37.14,36.14,36.59,2010,485902
2023-01-23,37.31,36.99,36.73,37.22,1946,889044
2023-01-24,36.92,36.51,36.15,36.87,1767,304572
2023-01-25,36.68,36.68,35.89,36.18,2031,440530
2023-01-26,38.12,38.05,36.81,36.81,2179,406393
2023-01-27,38.46,38.02,37.91,37.91,1377,349078
2023-01-30,38.1,37.4,37.34,37.61,2380,572512
2023-01-31,39.3,39.24,38.05,38.06,3811,883307
2023-02-01,34.7,34.27,32.84,33.5,9150,2059075
2023-02-02,36.09,35.47,34.51,34.51,6159,1461609
2023-02-03,35.55,34.89,34.83,35.25,3714,757411
2023-02-06,34.65,34.16,33.96,34.47,2590,586783
2023-02-07,33.84,33.43,33.04,33.81,4269,964319
2023-02-08,33.26,32.9,32.74,33.07,3017,1029126
2023-02-09,33.05,32.64,32.41,32.95,4483,1179848
2023-02-10,33.16,33.06,32.38,32.43,3368,645431
2023-02-13,33.235,33.04,32.86,33.03,4038,1190751
2023-02-14,33.33,33.0,32.8,33.01,2991,587694
2023-02-15,33.435,33.39,32.63,32.63,2142,595791
2023-02-16,33.48,33.09,32.88,33.0,2743,564480
2023-02-17,33.07,32.55,32.47,33.07,3136,712350
2023-02-21,32.14,30.95,30.78,32.14,4021,806628
2023-02-22,31.795,31.55,30.96,31.07,3409,795904
2023-02-23,32.05,31.76,31.33,31.82,2879,522949
2023-02-24,31.66,31.65,30.88,31.25,3394,771161
2023-02-27,32.24,31.64,31.54,32.06,2810,617198
2023-02-28,31.72,31.4,31.39,31.5,2348,1077260
2023-03-01,32.28,31.94,31.24,31.26,3510,591921
2023-03-02,32.36,32.32,31.73,31.82,2620,577437
2023-03-03,33.07,32.98,32.38,32.66,3546,768712
2023-03-06,32.88,31.94,31.93,32.88,3609,1266339
2023-03-07,32.01,31.25,31.22,31.79,4168,799556
2023-03-08,31.45,31.45,31.045,31.22,3138,741227
2023-03-09,31.71,30.71,30.62,31.66,2840,623744
2023-03-10,30.59,29.81,29.5,30.58,4263,811118
2023-03-13,29.32,28.43,28.37,29.2,7118,1642894
2023-03-14,29.31,28.34,28.07,29.23,5269,1233711
2023-03-15,27.76,27.53,27.15,27.47,4225,948921
2023-03-16,28.05,27.79,26.98,27.0,4741,1085933
2023-03-17,27.59,27.07,26.84,27.58,3723,4773538
2023-03-20,28.61,28.37,27.73,27.8,3704,1111219
2023-03-21,29.0,28.56,28.45,29.0,2941,777965
2023-03-22,29.39,28.53,28.495,28.57,5728,1420244
2023-03-23,29.05,28.41,28.15,28.55,4459,907897
2023-03-24,28.73,28.61,27.88,28.1,3648,746136
2023-03-27,29.15,28.83,28.64,29.04,2487,771427
2023-03-28,29.23,29.09,28.78,28.78,1814,479988
2023-03-29,29.875,29.75,29.33,29.44,3046,728460
2023-03-30,30.22,29.84,29.76,30.13,2264,564070
2023-03-31,30.5,30.47,30.02,30.06,2117,846971
2023-04-03,31.105,30.52,30.5,30.64,2220,758443
2023-04-04,30.52,30.0,29.745,30.49,2486,816706
2023-04-05,30.05,30.04,29.62,29.72,1916,757282
2023-04-06,30.275,30.06,29.895,30.12,2071,588486
2023-04-10,30.3,30.12,29.71,29.87,2274,860160
2023-04-11,30.785,30.5,30.37,30.4,1646,505359
2023-04-12,30.91,30.18,30.07,30.76,2400,619506
2023-04-13,30.53,30.37,29.81,30.14,1917,518428
2023-04-14,30.44,30.18,29.935,30.23,1849,414073
2023-04-17,30.67,30.66,30.05,30.18,1666,376137
2023-04-18,30.765,30.67,30.35,30.65,2116,461604
2023-04-19,30.99,30.83,30.25,30.6,2288,470238
2023-04-20,31.29,31.07,30.79,31.29,2338,875266
2023-04-21,31.04,30.79,30.49,31.02,2586,836415
2023-04-24,30.975,30.86,30.7,30.81,1777,481613
2023-04-25,30.24,29.52,29.49,29.85,2576,661540
2023-04-26,29.57,29.09,28.89,29.3,2839,616763
2023-04-27,29.37,29.35,28.73,29.29,3983,987452
2023-04-28,30.3,29.93,29.39,29.57,2265,692144
2023-05-01,30.39,30.13,29.83,29.88,2266,750018
2023-05-02,30.06,29.32,28.76,30.06,3268,774567
2023-05-03,29.76,28.9,28.855,29.41,4370,1026398
2023-05-04,29.82,28.34,28.16,29.31,5402,1189789
2023-05-05,28.72,28.45,28.205,28.49,2942,928286
2023-05-08,28.53,28.18,28.05,28.51,2629,846081
2023-05-09,28.01,27.68,27.609,28.0,2939,931922
2023-05-10,27.94,27.89,27.19,27.63,3794,1021550
2023-05-11,28.0,27.62,27.5,27.64,2628,680734
2023-05-12,27.935,27.61,27.31,27.87,3010,654285
2023-05-15,28.0,27.86,27.43,27.74,2578,581835
2023-05-16,27.61,26.88,26.88,27.61,2518,520554
2023-05-17,27.5,27.44,26.85,27.09,1769,512101
2023-05-18,27.625,27.59,27.02,27.24,2109,522373
2023-05-19,27.98,27.78,27.55,27.86,3381,809463
2023-05-22,28.055,28.02,27.36,27.67,3465,901521
2023-05-23,28.67,28.18,27.89,27.98,2742,772620
2023-05-24,28.11,27.94,27.64,28.04,2617,656817
2023-05-25,27.92,27.77,27.28,27.72,3257,909190
2023-05-26,28.51,28.47,27.95,27.95,3456,886115
2023-05-30,28.79,28.61,28.33,28.52,3127,965303
2023-05-31,28.52,28.01,27.77,28.32,3426,1654060
2023-06-01,28.13,27.52,27.32,28.08,3111,1085379
2023-06-02,29.11,28.86,28.0,28.0,3277,711332
2023-06-05,29.03,28.6,28.42,29.03,3421,812372
2023-06-06,29.43,29.26,28.45,28.45,2879,983075
2023-06-07,30.5,30.38,29.26,29.44,4006,1010232
2023-06-08,30.39,29.8,29.79,30.39,4513,1309582
2023-06-09,30.0,29.61,29.54,30.0,3463,803623
2023-06-12,29.47,29.25,28.94,29.38,3137,967082
2023-06-13,30.1,29.69,29.36,29.47,3950,820034
2023-06-14,30.285,29.23,29.18,29.88,4447,1116305
2023-06-15,29.355,29.17,28.78,29.02,2903,858641
2023-06-16,29.48,29.48,28.985,29.23,2939,2255807
2023-06-20,29.23,28.59,28.47,29.05,3217,944010
2023-06-21,28.615,28.17,27.84,28.4,3324,912201
2023-06-22,27.9,27.62,27.2,27.9,2412,610062
2023-06-23,27.57,27.23,27.125,27.16,2585,1829347
2023-06-26,28.41,28.41,27.38,27.38,2927,1290212
2023-06-27,29.06,28.7,28.07,28.47,2695,1120604
2023-06-28,28.68,28.23,27.83,28.68,2508,798534
2023-06-29,28.73,28.68,28.14,28.17,3000,839598
2023-06-30,29.245,29.07,28.48,29.0,2603,1067577
2023-07-03,29.55,29.31,28.99,28.99,1509,384198
2023-07-05,28.79,28.4,28.27,28.66,3608,1156208
2023-07-06,28.54,28.45,27.87,28.2,3094,1796164
2023-07-07,29.61,29.0,28.41,28.41,3130,1528660
2023-07-10,29.22,28.77,28.31,28.36,3047,900929
2023-07-11,29.58,29.55,29.01,29.02,3578,951885
2023-07-12,30.39,29.72,29.57,30.13,3531,661470
2023-07-13,30.12,29.86,29.67,29.73,2969,634683
2023-07-14,29.89,29.73,29.32,29.89,2760,611339
2023-07-17,29.68,29.41,29.38,29.52,2507,493447
2023-07-18,30.18,29.76,29.42,29.46,2960,598383
2023-07-19,30.24,30.22,29.81,29.83,3235,674109
2023-07-20,30.515,30.35,30.095,30.48,3108,567380
2023-07-21,30.45,30.36,30.01,30.35,2463,537305
2023-07-24,30.81,30.76,30.455,30.51,2487,630465
2023-07-25,32.55,32.06,30.88,30.94,5655,1442442
2023-07-26,32.59,32.28,31.67,31.94,4519,1093904
2023-07-27,33.56,32.49,32.48,32.56,5956,1709515
2023-07-28,33.27,33.0,32.83,33.13,3071,960399
2023-07-31,33.48,33.29,33.115,33.2,2521,755485
2023-08-01,33.17,32.77,32.65,33.1,3542,762175
2023-08-02,33.16,32.54,32.275,32.76,4487,1495850
2023-08-03,35.63,34.55,33.105,33.9,10456,2389046
2023-08-04,35.04,33.89,33.87,34.74,5217,1327956
2023-08-07,34.72,34.42,33.97,34.16,3646,836813
2023-08-08,34.85,34.79,33.81,33.92,4231,898641
2023-08-09,34.74,34.22,34.205,34.52,3136,771511
2023-08-10,34.48,34.02,33.82,34.38,4651,916692
2023-08-11,34.22,33.84,33.72,33.81,2902,620146
2023-08-14,33.8,33.45,33.28,33.8,2768,530495
2023-08-15,33.09,32.78,32.75,33.04,2611,510723
2023-08-16,32.85,32.4,32.355,32.64,2611,530581
2023-08-17,32.88,32.46,32.35,32.67,2518,650045
2023-08-18,32.51,32.11,31.98,31.98,2908,794716
2023-08-21,32.01,31.52,31.235,32.01,2854,555971
2023-08-22,31.75,31.65,31.36,31.54,2928,656915
2023-08-23,32.155,32.07,31.66,31.75,2561,695499
2023-08-24,32.31,31.66,31.645,32.01,3021,643917
2023-08-25,31.97,31.77,31.55,31.84,2471,480515
2023-08-28,32.55,32.31,32.0,32.02,2241,401476
2023-08-29,32.77,32.76,32.32,32.42,2287,475162
2023-08-30,32.76,32.49,32.44,32.67,1632,355946
2023-08-31,32.735,32.71,32.435,32.62,1746,657636
2023-09-01,33.19,32.85,32.815,32.9,1692,475537
2023-09-05,32.67,32.05,32.01,32.64,2500,578836
2023-09-06,32.5,31.88,31.8,31.95,2519,606378
2023-09-07,34.05,33.23,32.94,33.75,7044,2368889
2023-09-08,34.66,34.57,32.5,32.5,6247,1552826
2023-09-11,34.9,34.06,34.05,34.76,3850,980749
2023-09-12,36.52,35.0,34.97,36.02,10963,2950965
2023-09-13,36.095,35.77,35.2,35.34,7448,2017849
2023-09-14,37.04,36.82,36.33,36.63,8916,2061625
2023-09-15,37.39,36.53,36.53,36.86,4830,2672315
2023-09-18,36.945,36.54,36.45,36.66,4046,1015536
2023-09-19,37.54,36.89,36.76,37.35,5681,1238558
2023-09-20,36.79,35.53,35.53,36.79,5342,1138522
2023-09-21,35.83,35.15,35.11,35.62,2910,744136
2023-09-22,35.855,35.24,35.18,35.33,3427,972823
2023-09-25,36.215,35.94,35.2,35.29,3025,851828
2023-09-26,36.12,35.65,35.55,35.86,3616,1153205
2023-09-27,36.03,35.75,35.48,35.78,3098,853285
2023-09-28,36.285,36.19,35.62,35.82,2307,491427
2023-09-29,36.41,35.8,35.67,36.32,2823,1031588
2023-10-02,35.87,35.61,35.42,35.52,2899,1407865
2023-10-03,35.655,35.58,34.98,34.99,4184,1102968
2023-10-04,36.455,36.41,35.955,36.2,3730,1398637
2023-10-05,36.7,35.87,35.84,36.29,4221,1114554
2023-10-06,36.67,36.06,36.04,36.13,3449,876577
2023-10-09,36.47,36.41,35.85,35.9,1892,408455
2023-10-10,37.35,36.98,36.85,36.85,2465,590365
2023-10-11,37.32,37.28,36.86,37.08,3325,594237
2023-10-12,37.22,36.79,36.66,37.2,2389,619462
2023-10-13,37.17,36.94,36.7,37.0,1995,559509
2023-10-16,37.16,37.03,36.82,36.86,2053,550506
2023-10-17,37.2,37.15,36.55,36.63,2873,583567
2023-10-18,37.8,37.14,36.81,37.75,3690,658758
2023-10-19,36.795,35.34,35.32,36.57,5047,1099264
2023-10-20,35.43,34.32,34.06,35.38,4798,1070653
2023-10-23,34.455,33.77,33.53,34.08,3664,740502
2023-10-24,34.85,34.72,34.415,34.48,2282,493608
2023-10-25,34.92,34.63,34.5,34.53,2158,362247
2023-10-26,35.52,35.24,34.6,34.68,2842,664218
2023-10-27,35.81,35.2,35.05,35.28,2720,628499
2023-10-30,35.735,35.43,35.39,35.5,1733,510116
2023-10-31,36.28,35.93,35.58,35.58,2376,606302
2023-11-01,36.7,36.19,36.03,36.24,3104,660734
2023-11-02,37.24,36.95,36.72,36.83,3060,603512
2023-11-03,38.05,37.85,37.47,37.47,1971,477698
2023-11-06,38.03,37.83,37.66,37.9,1917,487650
2023-11-07,37.95,37.5,37.49,37.62,3093,618444
2023-11-08,37.75,37.43,37.315,37.75,2431,476029
2023-11-09,38.56,38.4,37.87,38.2,3396,586879
2023-11-10,38.28,38.23,37.85,37.92,2200,756934
2023-11-13,38.19,37.52,37.36,38.02,2713,483358
2023-11-14,38.53,38.47,37.99,37.99,2925,491218
2023-11-15,39.18,38.7,38.64,38.83,2669,648614
2023-11-16,38.21,37.59,37.425,38.21,2826,541320
2023-11-17,38.26,37.91,37.82,38.13,2387,792946
2023-11-20,37.86,36.69,36.66,37.83,3783,975940
2023-11-21,37.27,36.32,36.19,37.07,5405,1162239
2023-11-22,37.18,36.91,36.59,36.59,2893,787092
2023-11-24,38.055,37.69,37.49,37.49,3700,782793
2023-11-27,38.38,37.91,37.39,37.53,3961,924351
2023-11-28,38.81,38.41,38.26,38.6,3315,1589492
2023-11-29,40.18,40.1,38.89,38.89,3490,773318
2023-11-30,41.6,41.17,40.8,40.93,3833,2089054
2023-12-01,42.43,41.73,41.17,41.17,3241,763830
2023-12-04,41.73,41.55,41.29,41.5,4114,1588099
2023-12-05,41.07,40.45,40.45,41.02,3496,820713
2023-12-06,41.07,40.75,40.56,40.81,3261,709135
2023-12-07,41.47,40.97,40.47,41.23,3773,893382
2023-12-08,41.37,41.16,40.98,40.98,2813,525836
2023-12-11,41.68,41.34,41.095,41.35,2495,659292
2023-12-12,41.22,40.72,40.59,41.05,2540,584322
2023-12-13,42.07,41.75,40.57,40.67,2644,709006
2023-12-14,43.45,43.15,42.79,42.9,3518,828161
2023-12-15,43.29,42.54,42.17,43.08,3211,3178640
2023-12-18,43.2,42.81,42.69,43.11,2896,708940
2023-12-19,43.56,43.28,42.97,43.1,2869,1212257
2023-12-20,43.5,42.92,42.88,43.12,3279,796948
2023-12-21,43.48,41.91,41.75,43.12,5099,1212210
2023-12-22,42.17,41.75,41.61,41.89,3767,860343
2023-12-26,42.21,42.13,41.63,41.63,967,315086
2023-12-27,42.76,42.75,42.1,42.12,2842,693565
2023-12-28,42.63,42.12,41.99,42.5,1713,375220
2023-12-29,42.13,41.52,41.33,41.9,2001,687053
2024-01-02,41.82,41.78,41.28,41.52,2827,1477069
2024-01-03,41.99,41.61,41.35,41.35,2712,634540
2024-01-04,42.22,42.16,41.72,41.72,2002,858296
2024-01-05,42.27,41.91,41.26,41.48,3245,1384430
2024-01-08,42.7,42.61,41.98,42.01,2324,627586
2024-01-09,42.33,42.18,41.95,42.26,1748,429392
2024-01-10,42.18,41.86,41.71,42.01,1603,413510
2024-01-11,41.83,41.54,41.28,41.68,2071,510567
2024-01-12,41.99,41.69,41.5,41.79,1832,955266
2024-01-16,41.48,41.24,40.96,41.29,1808,540858
2024-01-17,41.02,40.49,40.48,40.95,2240,585168
2024-01-18,40.7,40.49,40.21,40.41,3200,1547524
2024-01-19,40.48,39.99,39.94,40.48,2623,718073
2024-01-22,40.045,39.96,39.74,40.0,2538,721212
2024-01-23,40.53,40.43,40.26,40.4,2355,532275
2024-01-24,41.04,40.8,40.64,40.86,2254,570832
2024-01-25,42.63,42.43,41.99,42.15,3590,1211889
2024-01-26,43.24,42.39,42.25,43.03,2186,495235
2024-01-29,41.915,41.81,41.5,41.77,2424,1116329
2024-01-30,41.81,41.39,41.33,41.74,1829,859733
2024-01-31,41.09,40.26,39.95,41.09,3347,957650
2024-02-01,40.08,39.23,39.11,40.0,3984,906077
2024-02-02,39.41,38.83,38.75,39.25,4028,863606
2024-02-05,38.93,38.66,38.51,38.56,3204,736003
2024-02-06,39.07,38.37,38.3,38.63,3210,799636
2024-02-07,40.31,39.92,39.78,40.02,3706,834796
2024-02-08,43.0,42.82,41.41,41.44,4676,1260698
2024-02-09,42.78,42.5,42.28,42.58,2418,652958
2024-02-12,42.985,42.66,42.61,42.72,2108,674954
2024-02-13,42.595,42.29,41.83,42.37,4512,812692
2024-02-14,42.71,42.62,42.0,42.44,2329,468079
2024-02-15,43.35,43.31,42.76,42.76,2099,465262
2024-02-16,43.85,43.71,43.37,43.48,2187,540115
2024-02-20,44.26,43.78,43.59,43.71,3147,633468
2024-02-21,44.12,43.75,43.52,43.84,2307,594713
2024-02-22,44.135,43.94,43.85,43.96,2062,363030
2024-02-23,44.18,43.91,43.71,44.08,1881,317526
2024-02-26,44.07,43.72,43.47,44.04,2097,381101
2024-02-27,44.755,44.67,43.93,44.1,3193,1122616
2024-02-28,45.28,45.03,44.62,44.62,2099,637061
2024-02-29,45.94,45.29,45.23,45.42,2233,2209680
2024-03-01,45.66,45.02,44.935,45.24,2047,507548
